review_text,rating,date,bank_name,source,sentiment,sentiment_score
it's not working,3,2025-06-05,Bank of Abyssinia,Google Play,negative,-1
"Hello, I’m facing a problem with the BOA Mobile app. Every time I enter my phone number and password, the app crashes and shows an error that says “BoaMobile closed because this app has a bug.” I tried updating, reinstalling, and clearing cache, but nothing worked. Please fix this bug in the next update. I really need access to my account. Thank you.",1,2025-06-03,Bank of Abyssinia,Google Play,negative,-1
exceptional,5,2025-06-03,Bank of Abyssinia,Google Play,positive,1
BoA Mobile good bank,5,2025-06-02,Bank of Abyssinia,Google Play,positive,1
this is worest app 24/7 loading,1,2025-06-01,Bank of Abyssinia,Google Play,negative,-1
This App is not interest for Android phone Please update it .,1,2025-06-01,Bank of Abyssinia,Google Play,negative,-1
BoA system is confartable,5,2025-06-01,Bank of Abyssinia,Google Play,negative,-1
very nice Abyssinia bank is choice all,5,2025-05-31,Bank of Abyssinia,Google Play,positive,1
"this app, for me , is a waste of time. It doesn't work . I can't even long in, and it really piss me off. FIX THE PROBLEM",1,2025-05-27,Bank of Abyssinia,Google Play,negative,-1
Good service.,3,2025-05-25,Bank of Abyssinia,Google Play,positive,1
the app crush frequently,1,2025-05-24,Bank of Abyssinia,Google Play,negative,-1
good,5,2025-05-22,Bank of Abyssinia,Google Play,positive,1
You guys keeps getting worst,1,2025-05-22,Bank of Abyssinia,Google Play,negative,-1
"This app is a joke. It crashes more than it works, takes forever to load, and half the features are just decorative at this point. Can’t log in, can’t transfer money, can’t even check my balance without it bugging out. To the developer: Are you actually trying to make this work, or is this some kind of social experiment to test our patience? Did you build this in your sleep? Because it definitely looks like it. If this is your idea of a functional app, maybe consider a different career path🙏",1,2025-05-21,Bank of Abyssinia,Google Play,negative,-1
BoA,2,2025-05-20,Bank of Abyssinia,Google Play,negative,-1
but not opening on android,4,2025-05-19,Bank of Abyssinia,Google Play,negative,-1
Worst App ever. Totally unreliable. And it didn't work at all for the last 4 months.,1,2025-05-18,Bank of Abyssinia,Google Play,negative,-1
amazing,5,2025-05-18,Bank of Abyssinia,Google Play,positive,1
excellent app,4,2025-05-16,Bank of Abyssinia,Google Play,positive,1
excellent,5,2025-05-15,Bank of Abyssinia,Google Play,positive,1
ሞላዬ ከበደ,5,2025-05-14,Bank of Abyssinia,Google Play,negative,-1
"this app does no work on Samsung a51, it just gives a preview of the logo",1,2025-05-11,Bank of Abyssinia,Google Play,negative,-1
nice,5,2025-05-10,Bank of Abyssinia,Google Play,positive,1
"i entered incorrect security question by mistake boa app lock pin forever, why is there no other options? ?? i contacted different branchs more then 4times but they didn't able to solve this issue .",5,2025-05-10,Bank of Abyssinia,Google Play,negative,-1
Best app,5,2025-05-09,Bank of Abyssinia,Google Play,positive,1
liking this application good 👍,5,2025-05-07,Bank of Abyssinia,Google Play,positive,1
"This app future is good, but there is problems with apps to reset and activate it, which is difficult even to the branch staffs, and it takes too long times to active at the branch plus most of the time high expected failure of activation after process at the counter and OTP sent not work",1,2025-05-06,Bank of Abyssinia,Google Play,negative,-1
wow,5,2025-04-28,Bank of Abyssinia,Google Play,positive,1
it's really good 👍,5,2025-04-23,Bank of Abyssinia,Google Play,positive,1
Bad app . it stuck when you open and noting WORKS.,1,2025-04-23,Bank of Abyssinia,Google Play,negative,-1
"the app isn't working after it asked me the password it starts loading, but it doesn't open",3,2025-04-20,Bank of Abyssinia,Google Play,negative,-1
Best,2,2025-04-19,Bank of Abyssinia,Google Play,positive,1
It keeps showing this pop up to turn off developer options even tho it's off! I had to turn on and then off to make it work! This is a horrible experience and needs a fix asap! Plus kinda slow.,1,2025-04-19,Bank of Abyssinia,Google Play,negative,-1
yideg,1,2025-04-18,Bank of Abyssinia,Google Play,negative,-1
አይከፍትም እኮ,1,2025-04-17,Bank of Abyssinia,Google Play,negative,-1
great boa,5,2025-04-10,Bank of Abyssinia,Google Play,positive,1
boa of mobile backing,5,2025-04-09,Bank of Abyssinia,Google Play,negative,-1
faster bank of Abissinya,5,2025-04-08,Bank of Abyssinia,Google Play,positive,1
i would have given it a lower if it was possible because it crush so much and it take the bank so long to fix the bug,1,2025-04-08,Bank of Abyssinia,Google Play,negative,-1
it just doesn't work...so frustrating,1,2025-04-07,Bank of Abyssinia,Google Play,negative,-1
like,5,2025-04-06,Bank of Abyssinia,Google Play,positive,1
it's not work correctly... you must have update it,1,2025-04-06,Bank of Abyssinia,Google Play,negative,-1
"the app gets a considerable improvements like language , QR scanner and unlimited transfers survice. but BOA Please do alot on its fastness and convenient when we login and making a transactions.",5,2025-04-04,Bank of Abyssinia,Google Play,positive,1
after i typed in my password it says successfully logged out ...and goes back to the first page,2,2025-04-04,Bank of Abyssinia,Google Play,negative,-1
good but they don't update enough don't add new things,3,2025-04-04,Bank of Abyssinia,Google Play,negative,-1
very good,5,2025-04-03,Bank of Abyssinia,Google Play,positive,1
thank you,5,2025-04-02,Bank of Abyssinia,Google Play,positive,1
it doesn't work period z slowest mobile banking ever i would rather use *815#,1,2025-04-01,Bank of Abyssinia,Google Play,negative,-1
"after activated the application it not allowed to sign , automatically it is turn off In my phone, why ?",1,2025-03-31,Bank of Abyssinia,Google Play,negative,-1
good application,5,2025-03-30,Bank of Abyssinia,Google Play,positive,1
this version is not working for me I cannot even buy card. I cannot send money,1,2025-03-30,Bank of Abyssinia,Google Play,negative,-1
"It can't actively on initialization, it says incorrect OTP getting the exact OTP",1,2025-03-29,Bank of Abyssinia,Google Play,negative,-1
always problematic hardly works,1,2025-03-26,Bank of Abyssinia,Google Play,negative,-1
considering the fact the bank is huge this app really bad you could do better,1,2025-03-25,Bank of Abyssinia,Google Play,negative,-1
best app,5,2025-03-25,Bank of Abyssinia,Google Play,positive,1
"worst app and Bank ever u be ashamed, scammer",1,2025-03-24,Bank of Abyssinia,Google Play,negative,-1
great BoA,5,2025-03-22,Bank of Abyssinia,Google Play,positive,1
best,5,2025-03-21,Bank of Abyssinia,Google Play,positive,1
i have went to the bank so many times because i couldn't make any transaction i can only see my balance nothing else so what is the point of having mobile banking if i can't make any transaction with it please work in that,1,2025-03-21,Bank of Abyssinia,Google Play,negative,-1
there is no speed,1,2025-03-19,Bank of Abyssinia,Google Play,negative,-1
"For anyone who wants to download it, just don't!!!",1,2025-03-19,Bank of Abyssinia,Google Play,negative,-1
wonderful,5,2025-03-19,Bank of Abyssinia,Google Play,positive,1
all worck,5,2025-03-19,Bank of Abyssinia,Google Play,negative,-1
Loved it,5,2025-03-14,Bank of Abyssinia,Google Play,positive,1
Wow,1,2025-03-14,Bank of Abyssinia,Google Play,positive,1
"Edit: New bug, app not letting me type in my otp codes. Shameful Why does this app not allow me to use it while having developer options on? Did y'all consider that I might, perhaps, be an actual developer? Why am I expected to toggle the option on and off just to bank (restarting my phone when I do)? Why is the message labled as somthing that will ""smoothen"" the experience? This is like the most ""security consultant"" thing to implement in an app. Please invest in actual security, not this mess.",1,2025-03-12,Bank of Abyssinia,Google Play,negative,-1
Improved to be the best,5,2025-03-11,Bank of Abyssinia,Google Play,positive,1
"Decent, but there problems sometimes it says error When i transfer money but infact it transferred because of this bug i transferred 2 times instead of 1 and also we can't transfer money to others telebirr acc we only can to our self BOE Dev fix this !!!",3,2025-03-11,Bank of Abyssinia,Google Play,negative,-1
BoA Greqt Ethiopian bank.,5,2025-03-11,Bank of Abyssinia,Google Play,negative,-1
"The bug is still there,the app crashes every time i try to log in, especially in old phones like my Galaxy A32",1,2025-03-10,Bank of Abyssinia,Google Play,negative,-1
Almost better compared to cbe where it is not qualified for,4,2025-03-09,Bank of Abyssinia,Google Play,negative,-1
what awesome apps. it is very simple to use and more much important apps.,5,2025-03-09,Bank of Abyssinia,Google Play,positive,1
Wonderfull app,5,2025-03-08,Bank of Abyssinia,Google Play,positive,1
i can't use this app why?,5,2025-03-07,Bank of Abyssinia,Google Play,negative,-1
Worst mobile banking app I ever experienced I was blaming other apps but comparing with this they're too much better!!!! It clashes it takes much longer time to login while loading in short it's a complete of trash,1,2025-03-06,Bank of Abyssinia,Google Play,negative,-1
bro the worst app made by human kind!! as a software engineer it make me so sad seeing enterprise as big as BOA make apps like this. it is a disgrace for our country!!,1,2025-03-05,Bank of Abyssinia,Google Play,negative,-1
AGA B Girja Miss language of admin Afaan oromo & other Itoophiyaa languages,1,2025-03-04,Bank of Abyssinia,Google Play,negative,-1
Good app,5,2025-03-03,Bank of Abyssinia,Google Play,positive,1
"I downloaded the app for the first time while reading other customers reviews and as soon as i installed and opened the app it closes back automatically, what unserious bank, now i uninstalled the app immediately",1,2025-03-03,Bank of Abyssinia,Google Play,negative,-1
It has good features but sometimes it doesn't work...0,1,2025-03-02,Bank of Abyssinia,Google Play,negative,-1
Very poor proformance,1,2025-03-01,Bank of Abyssinia,Google Play,negative,-1
It's not opening. Really frustrating,1,2025-03-01,Bank of Abyssinia,Google Play,negative,-1
Verry Amazing App from all IB,5,2025-03-01,Bank of Abyssinia,Google Play,positive,1
Not working on this days,1,2025-02-26,Bank of Abyssinia,Google Play,negative,-1
Thank you BoA,5,2025-02-23,Bank of Abyssinia,Google Play,positive,1
best banking app in the wworld,5,2025-02-22,Bank of Abyssinia,Google Play,positive,1
Nice app and it's easy to use,5,2025-02-21,Bank of Abyssinia,Google Play,positive,1
"please add language in the apps setting(amharic afan oromo, tigniya,and others) sometimes bank to bank transfer is not available through time and even if if it is available not reachable…it is serious issue!",1,2025-02-15,Bank of Abyssinia,Google Play,negative,-1
This is help full i like ittttt,5,2025-02-14,Bank of Abyssinia,Google Play,positive,1
The is not functional at all?,2,2025-02-12,Bank of Abyssinia,Google Play,negative,-1
Best bank,5,2025-02-08,Bank of Abyssinia,Google Play,positive,1
Make it easy and convienient to use and perfect for all to high prefrence and choice.,3,2025-02-07,Bank of Abyssinia,Google Play,positive,1
🇪🇹🇪🇹🇪🇹🇪🇹🇪🇹🇪🇹👍👍👍👍👍👍👍,5,2025-02-04,Bank of Abyssinia,Google Play,negative,-1
I have been using this app for two years.It is amazing.,5,2025-02-01,Bank of Abyssinia,Google Play,positive,1
Good 👍,5,2025-01-31,Bank of Abyssinia,Google Play,positive,1
Sad experience,1,2025-01-30,Bank of Abyssinia,Google Play,negative,-1
Always do update and that is annoying,3,2025-01-27,Bank of Abyssinia,Google Play,negative,-1
"Best app, somehow waiting a few minutes",5,2025-01-23,Bank of Abyssinia,Google Play,negative,-1
I can't dijitalize my atm in the apollo app on my phone,1,2025-01-22,Bank of Abyssinia,Google Play,negative,-1
Whenever I try to sign in app close please fixed it out,2,2025-01-21,Bank of Abyssinia,Google Play,negative,-1
Beter,5,2025-01-21,Bank of Abyssinia,Google Play,positive,1
Boa,4,2025-01-18,Bank of Abyssinia,Google Play,negative,-1
በጣም የሚያስጠላ አፕ በጣም የወረደ ዜሮ ነው የምሰጠው ዘሮ It's not App it's very slow ehhhh. Why don't you upgrade the app???? It's always zero,1,2025-01-18,Bank of Abyssinia,Google Play,negative,-1
Aadan Axmed Barkhadle,5,2025-01-17,Bank of Abyssinia,Google Play,positive,1
😡😡😡🤬🤬🤬,1,2025-01-16,Bank of Abyssinia,Google Play,negative,-1
Horrible customer service and app crashes Horrible!!,1,2025-01-15,Bank of Abyssinia,Google Play,negative,-1
I love it,5,2025-01-14,Bank of Abyssinia,Google Play,positive,1
It keeps asking me to turn off developer mode even when dev mode is off. Couldn't use it.,1,2025-01-13,Bank of Abyssinia,Google Play,negative,-1
Good🙏,5,2025-01-12,Bank of Abyssinia,Google Play,negative,-1
Like to much,5,2025-01-11,Bank of Abyssinia,Google Play,positive,1
Thank you,5,2025-01-10,Bank of Abyssinia,Google Play,positive,1
Perfect,5,2025-01-09,Bank of Abyssinia,Google Play,positive,1
The best of best,5,2025-01-09,Bank of Abyssinia,Google Play,positive,1
I was using this app for long time it amazing user friendly UI but the i can't found for get pin button in the app,3,2025-01-07,Bank of Abyssinia,Google Play,negative,-1
Great 👍,5,2025-01-04,Bank of Abyssinia,Google Play,positive,1
Fast and suitable for the customers.,5,2025-01-04,Bank of Abyssinia,Google Play,positive,1
Good app and helpful,5,2025-01-03,Bank of Abyssinia,Google Play,positive,1
"I will give only one star, because it faced with multiple of problems. 1. The app is not as fast as the other banks App, for e.g like CBE 2. The App asks repeatedly to switch off developer options, even if it is switched off. 3. Bank of Abyssinia's services are interesting, but they ignored the issues on the App service. 4. Most customers gave a complain on the App, but no one accept their complain to fix the issue. 5. Lastly, I will not recommend the App unless the issue has been solved ASAP!!",1,2025-01-03,Bank of Abyssinia,Google Play,negative,-1
By assessing this you can tell Abyssinia bank has no idea what mobile banking is ?,1,2025-01-02,Bank of Abyssinia,Google Play,negative,-1
It doesn't work at all.,2,2025-01-02,Bank of Abyssinia,Google Play,negative,-1
this app is not available,1,2025-01-02,Bank of Abyssinia,Google Play,negative,-1
Wow what amazing,5,2024-12-30,Bank of Abyssinia,Google Play,positive,1
love it,5,2024-12-30,Bank of Abyssinia,Google Play,positive,1
በጣም መሻሻል አለበት....... ለ ባንኩ ማይመጥን መተግበርያ ነው ::,2,2024-12-30,Bank of Abyssinia,Google Play,negative,-1
Lemn embi yilal??,5,2024-12-30,Bank of Abyssinia,Google Play,negative,-1
Good,5,2024-12-30,Bank of Abyssinia,Google Play,positive,1
It's useless app downgraded.,1,2024-12-29,Bank of Abyssinia,Google Play,negative,-1
Why is not letting me access my account. The whole point of this app is for me to gey access to my account without physically being at the bank. I would give it a zero but a one will suffice to get my point accross.,1,2024-12-27,Bank of Abyssinia,Google Play,negative,-1
Nice,5,2024-12-26,Bank of Abyssinia,Google Play,positive,1
When are you going to get rid of this and have a real app that works? By far the worst mobile banking app.,1,2024-12-24,Bank of Abyssinia,Google Play,negative,-1
አይሰራም ሼም ነው፤,1,2024-12-23,Bank of Abyssinia,Google Play,negative,-1
Not that much bad,3,2024-12-22,Bank of Abyssinia,Google Play,positive,1
Fine,5,2024-12-21,Bank of Abyssinia,Google Play,positive,1
The dirtiest application ever seen...,1,2024-12-20,Bank of Abyssinia,Google Play,negative,-1
Nic ap,5,2024-12-19,Bank of Abyssinia,Google Play,positive,1
The forest app ever,1,2024-12-19,Bank of Abyssinia,Google Play,positive,1
"I love BoA more than anyone but they are cursed when it comed to mobile banking. Even though this ine is hetter it still s*cks! It will ask me to turn off developer options other wise it won't work! I use CBE, Awash birr, tekebirr, Dashen bank and others but non of them asked me this, why only BoA? Please improve your mobile banking, be competitive!",1,2024-12-19,Bank of Abyssinia,Google Play,negative,-1
Bank of abissena,1,2024-12-17,Bank of Abyssinia,Google Play,positive,1
"Easy and sooo simple to use it, also its easy to stole someones money using the app",3,2024-12-16,Bank of Abyssinia,Google Play,negative,-1
GOOD,5,2024-12-15,Bank of Abyssinia,Google Play,positive,1
The worst banking app ever. Never works!,1,2024-12-14,Bank of Abyssinia,Google Play,negative,-1
Poorly functioning app,3,2024-12-13,Bank of Abyssinia,Google Play,negative,-1
Very nice,5,2024-12-13,Bank of Abyssinia,Google Play,positive,1
Your system is the worst you should do better😡😡😡😡😡😡,2,2024-12-11,Bank of Abyssinia,Google Play,negative,-1
It has been a while since you guys started giving the mobile app service but still couldn't get it to work. I'm sure you know that it doesn't work already but not sure if you're lazy or incompetent to fix it. You are losing business because of this. Complacency will have consequences.,1,2024-12-10,Bank of Abyssinia,Google Play,negative,-1
"This is the best app; many features are awesome, but it should work without the need to turn off the developer options. I'm tired of having to constantly switch the developer options off and on. I've been expressing my struggles about this. I have precious settings enabled in the developer options, and to open the App Boa app, I have to turn them off. Please help us, Abyssinia Bank. I hope you can provide an update soon.",4,2024-12-08,Bank of Abyssinia,Google Play,positive,1
"I’m giving this app one star because there are no options below that. My experience has been incredibly frustrating due to the extremely long loading times, and the app even closes automatically at times. People choose mobile banking for its convenience, but this app is far too time-consuming, making it the worst I’ve used. I hope improvements are made to enhance the user experience.",1,2024-12-07,Bank of Abyssinia,Google Play,negative,-1
Very unprofessional and mischievous bank in my opinion. I have had several occasions but recently I used Abyssinia Card to withdraw money and it was deducted from my account but despite reporting several times they said they are processing it but I learned yesterday that since it has been 3 months the bank has decided to include it in their income. How absurd. If you can avoid this bank.,1,2024-12-06,Bank of Abyssinia,Google Play,negative,-1
It doesn't work on my 2 devices A05 and A34 😡,1,2024-12-02,Bank of Abyssinia,Google Play,negative,-1
It's better to say I don't use boa rather than pulling your phone out and opening this app,1,2024-12-01,Bank of Abyssinia,Google Play,negative,-1
My attention is very important because it will be the most difficult time for me,5,2024-11-30,Bank of Abyssinia,Google Play,positive,1
"I have a worst experience while using this mobile application through out the year. Most of the time it fails to ""Login"" or automatically closed the app. And also it takes so much loading time (5 minutes +) trying to access the internal services. Sometimes also while transferring within and to other bank also fails. So, BOA please fix your app.",1,2024-11-29,Bank of Abyssinia,Google Play,negative,-1
I don't know why but your apps start out great then all of a sudden don't work🤷‍♀️,1,2024-11-28,Bank of Abyssinia,Google Play,positive,1
This application is losing major factions on a daily basis. I can count how many times I have used this app; it is completely useless and disappointing if I am not going to use it in times of need then I don't see the point.,1,2024-11-28,Bank of Abyssinia,Google Play,negative,-1
exellent digital transaction of money,5,2024-11-27,Bank of Abyssinia,Google Play,negative,-1
The latest update has stopped android 9 phones not to open this App. Never work properly since i started using it.,1,2024-11-26,Bank of Abyssinia,Google Play,negative,-1
Great,5,2024-11-25,Bank of Abyssinia,Google Play,positive,1
👏👏👏,5,2024-11-24,Bank of Abyssinia,Google Play,negative,-1
Money,5,2024-11-24,Bank of Abyssinia,Google Play,positive,1
It needs more improvment,2,2024-11-24,Bank of Abyssinia,Google Play,negative,-1
Hey Google,5,2024-11-21,Bank of Abyssinia,Google Play,positive,1
ab,3,2024-11-20,Bank of Abyssinia,Google Play,positive,1
Ademtahir,5,2024-11-20,Bank of Abyssinia,Google Play,positive,1
✌️✌️,5,2024-11-20,Bank of Abyssinia,Google Play,negative,-1
Please this app on my android phone,3,2024-11-20,Bank of Abyssinia,Google Play,positive,1
GOAT 🐐 🐐,5,2024-11-19,Bank of Abyssinia,Google Play,negative,-1
"Your app doesn't match your bank, the app is disaster, super slow. Please learn something from tele birr app.",1,2024-11-19,Bank of Abyssinia,Google Play,negative,-1
Fast and reliable,5,2024-11-18,Bank of Abyssinia,Google Play,positive,1
"The worst app update ever. Why would you include the ""developer option off"" thing here? Why do you care? It is my phone my money, right? That is the reason why I switched to other banks. So either turn it off or everyone will discontinue their business one by one.",1,2024-11-17,Bank of Abyssinia,Google Play,negative,-1
Very good,5,2024-11-14,Bank of Abyssinia,Google Play,positive,1
One of the poorest mobile banking system,1,2024-11-13,Bank of Abyssinia,Google Play,negative,-1
❤❤❤❤❤❤,5,2024-11-12,Bank of Abyssinia,Google Play,negative,-1
Oene,5,2024-11-12,Bank of Abyssinia,Google Play,positive,1
i find it interesting specially in reciept downloading,1,2024-11-12,Bank of Abyssinia,Google Play,positive,1
it good,5,2024-11-12,Bank of Abyssinia,Google Play,positive,1
"This app crashes everytime, please fix it",1,2024-11-12,Bank of Abyssinia,Google Play,negative,-1
አንድ star ራሱ ይበዛበታል። i dont recomend to use this app also the bank,1,2024-11-12,Bank of Abyssinia,Google Play,negative,-1
I need a support the app is not working,5,2024-11-12,Bank of Abyssinia,Google Play,negative,-1
Bast bank of ethiopia,5,2024-11-12,Bank of Abyssinia,Google Play,positive,1
very slow app. አቢሲኒያን ከሚያክል ባንክ የማይጠበቅ software app. ከቻላችሁ ሙሉ ለሙሉ እንደገና አሰሩት።በጣም ይመራያል ያሳፍራል።ለapp የወጣው ወጭ በሙስና የተበላ ነው የሚመስለው።,1,2024-11-12,Bank of Abyssinia,Google Play,negative,-1
"thank you for your social services like, vertual banking, non touch ATM, Cadrless and withdrwal with out passbook...",5,2024-11-12,Bank of Abyssinia,Google Play,positive,1
The worst App i have never seen like this before,1,2024-11-12,Bank of Abyssinia,Google Play,negative,-1
Wweeeer,4,2024-11-12,Bank of Abyssinia,Google Play,negative,-1
Infinx,5,2024-11-12,Bank of Abyssinia,Google Play,negative,-1
Great service,5,2024-11-12,Bank of Abyssinia,Google Play,positive,1
👍,5,2024-11-11,Bank of Abyssinia,Google Play,negative,-1
This app is not available on all android versions and some times it is not functional.,1,2024-11-08,Bank of Abyssinia,Google Play,negative,-1
senayt Mesfin,4,2024-11-08,Bank of Abyssinia,Google Play,positive,1
Bad app vety bad.,1,2024-11-07,Bank of Abyssinia,Google Play,negative,-1
Abessnya Banke,5,2024-11-05,Bank of Abyssinia,Google Play,negative,-1
"The most useless app, I never expected such an irrelevant app from BOA. big shame!",1,2024-11-04,Bank of Abyssinia,Google Play,negative,-1
Okay,5,2024-11-03,Bank of Abyssinia,Google Play,positive,1
Professional on banking app,5,2024-11-01,Bank of Abyssinia,Google Play,positive,1
Has some nice interface but always freezes or slow to load .App developers please fix this issue.,3,2024-10-27,Bank of Abyssinia,Google Play,negative,-1
አይሰራም አስተካክሉት,5,2024-10-26,Bank of Abyssinia,Google Play,negative,-1
Please try another because this app doesn't feet the need of this generation,1,2024-10-25,Bank of Abyssinia,Google Play,negative,-1
Fast transfer,5,2024-10-24,Bank of Abyssinia,Google Play,positive,1
"What's up I can't log in, what's wrong",5,2024-10-22,Bank of Abyssinia,Google Play,negative,-1
Amrumehamed,1,2024-10-21,Bank of Abyssinia,Google Play,positive,1
"Nice to meet you my proud bank in Ethiopia.. I'm a member of this bank, i need to solve my problem of international receiving money for me from my online digital working service's over the world please? I'm working a lot of international money.But i can't get direct in Ethiopia because of don't knowing the legal ways of getting money in Ethiopia please can I get and direct deposit with BoA please 🙏🙏🙏?",5,2024-10-18,Bank of Abyssinia,Google Play,positive,1
ደደገነሐ,5,2024-10-15,Bank of Abyssinia,Google Play,negative,-1
"Terrible Bank Experience It’s unbelievable that with all the modern technology, this bank still struggles with even basic transactions. The app constantly crashes, services are limited, and every time I try to transfer money or load Telebirr, there’s a huge delay. I have to wait 5 days for failed transactions to be refunded! Even USSD is unreliable. They’ve put me in embarrassing situations countless times, and customer care never fixes anything. I’ve switched banks, and you should too!",1,2024-10-14,Bank of Abyssinia,Google Play,negative,-1
A painfully slow banking app service. Please don't make it your choice!,1,2024-10-13,Bank of Abyssinia,Google Play,negative,-1
Good App,4,2024-10-12,Bank of Abyssinia,Google Play,positive,1
Best app to me,5,2024-10-11,Bank of Abyssinia,Google Play,positive,1
BOA,5,2024-10-11,Bank of Abyssinia,Google Play,negative,-1
Abdulkadir,5,2024-10-11,Bank of Abyssinia,Google Play,positive,1
Bad,1,2024-10-10,Bank of Abyssinia,Google Play,negative,-1
If it is possible I would gove0 star,1,2024-10-08,Bank of Abyssinia,Google Play,negative,-1
Nise mobile bankig,4,2024-10-05,Bank of Abyssinia,Google Play,negative,-1
Overall good app but performance needs some improvement also sometimes when using instant other bank transfers it refuses causing to be repeated several times to transfer,4,2024-10-04,Bank of Abyssinia,Google Play,negative,-1
Ok,5,2024-10-04,Bank of Abyssinia,Google Play,positive,1
Just make it work please🤣 this is embarrassing for a bank of your size,1,2024-10-04,Bank of Abyssinia,Google Play,negative,-1
Update to the simplest way it requires the developer option on and off why this is,5,2024-10-04,Bank of Abyssinia,Google Play,negative,-1
"Stop telling me what to do with my phone, BOA. Why does your newly updated app keep asking me to disable the developer options? I’m not slowing down my phone just to use your God damn app. 🤮🤮🤮🤮",1,2024-10-04,Bank of Abyssinia,Google Play,negative,-1
I'm living out of country how may I download and use mobile banking? It asks me the Ethiopia phone number and I can't receive text to confirm because I'm out side the country. So please lete know if I can use while I'm outside the country. Thanks,1,2024-10-04,Bank of Abyssinia,Google Play,negative,-1
Worest app,1,2024-10-03,Bank of Abyssinia,Google Play,negative,-1
The worest app ever,1,2024-10-03,Bank of Abyssinia,Google Play,positive,1
አሪፍ ነው በርቱልን,5,2024-10-03,Bank of Abyssinia,Google Play,negative,-1
Wwwerrr,5,2024-10-02,Bank of Abyssinia,Google Play,negative,-1
ጀማል ውቀቱ,5,2024-09-30,Bank of Abyssinia,Google Play,negative,-1
Great For Financial company,5,2024-09-30,Bank of Abyssinia,Google Play,positive,1
Very easy to use,5,2024-09-30,Bank of Abyssinia,Google Play,positive,1
The App's crash always.. Error.....,3,2024-09-27,Bank of Abyssinia,Google Play,negative,-1
This app is incredibly frustrating to use. It’s filled with issues that make it difficult to navigate and complete tasks efficiently. I’ve never encountered such a poorly designed banking application before. It needs significant improvements to enhance user experience. It deserves a vey low rating.,1,2024-09-26,Bank of Abyssinia,Google Play,negative,-1
Great UI and seamless UX. I love it!!,5,2024-09-25,Bank of Abyssinia,Google Play,positive,1
That's too good application but try to add more alternatives and futures or possibilitys for your customers,3,2024-09-25,Bank of Abyssinia,Google Play,negative,-1
It's easy used to operate program and secured 👍👍,4,2024-09-25,Bank of Abyssinia,Google Play,negative,-1
I bought a mobile card on this app but I didn't receive it and it took my money and I didn't get my money back.,1,2024-09-21,Bank of Abyssinia,Google Play,negative,-1
Amazing,5,2024-09-19,Bank of Abyssinia,Google Play,positive,1
Great app with great services,5,2024-09-19,Bank of Abyssinia,Google Play,positive,1
Yes active user,5,2024-09-17,Bank of Abyssinia,Google Play,positive,1
Shameful,1,2024-09-17,Bank of Abyssinia,Google Play,negative,-1
The worest app ever made i would not recommende for no one,1,2024-09-16,Bank of Abyssinia,Google Play,negative,-1
Good application,5,2024-09-16,Bank of Abyssinia,Google Play,positive,1
I like,5,2024-09-16,Bank of Abyssinia,Google Play,positive,1
"How many hours should I wait after transferring money to telebirr, please do something about the transfer delay issue I need my money when ever.",1,2024-09-15,Bank of Abyssinia,Google Play,negative,-1
"BOA is unreasonably holding and delaying transactions for more than a day, even transactions within the same bank itself. This is a huge gap that I observed in BOA mobile banking. I didn't experience this kind of challenge while having transactions in other banks' mobile banking platforms. After waiting so long, I called your customer support team and the response they gave me was ""it was the system that holds the transaction & will be released on working days"". This is not totally fair.",1,2024-09-15,Bank of Abyssinia,Google Play,negative,-1
የእርስዎን ተሞክሮ ይግለጹ (አማራጭ),5,2024-09-14,Bank of Abyssinia,Google Play,negative,-1
It's not working. It needs a big update. Can't you update the app quickly?,1,2024-09-14,Bank of Abyssinia,Google Play,negative,-1
"I am Aimohon Joel , It's can be Good for a Better Conversation in Time 🙂",3,2024-09-14,Bank of Abyssinia,Google Play,negative,-1
"Better app than most mobile apps, but why do I have to turn off developer option every time I wanna use the app?? It's annoying.",1,2024-09-13,Bank of Abyssinia,Google Play,negative,-1
Bes and freindly app,5,2024-09-13,Bank of Abyssinia,Google Play,negative,-1
It doesn't work.,1,2024-09-12,Bank of Abyssinia,Google Play,negative,-1
"It say ""The request was not successful. please check device connectivity or try again"" why? One of the bank manager told me it is because of my phone's android version which is 9.1 It is ridiculous! Disappointing",1,2024-09-11,Bank of Abyssinia,Google Play,negative,-1
How to download or screenshot of payment receipt...what kinda worst app ever 🤮🤮🤢,1,2024-09-11,Bank of Abyssinia,Google Play,negative,-1
Smart technology,5,2024-09-10,Bank of Abyssinia,Google Play,positive,1
Yegema app tish🪨,1,2024-09-08,Bank of Abyssinia,Google Play,negative,-1
"This is not an appropriate app, i don't know how boa develops this app, i don't expect this much crazy and un confortable app form BOA, I'm soory!!!",1,2024-09-07,Bank of Abyssinia,Google Play,negative,-1
"Shockingly bad! Even when it decides to work, it's painfully slow and frustrating. Such a shame that it has become a stain on an extraordinary bank",1,2024-09-06,Bank of Abyssinia,Google Play,negative,-1
"It crashes frequently. It launches on Android 8.1 but I don't think it actually works on versions less than 10. If so, it shouldn't be available for download by such devices to begin with, like many other finance apps are not. It was so much better three months ago, upgrades should be for the better.",1,2024-09-06,Bank of Abyssinia,Google Play,negative,-1
Awesome application. But lately its crashing everytime i opened it.,4,2024-09-05,Bank of Abyssinia,Google Play,negative,-1
እጅም በጣም ደካማ አፕ ነው ሲፈልግ ይከፍታል ሲፈልግ አይከፍትም ከአዋሽ እና ንግድ ባንክ የመሳሰሉ ባንኮች ሲወዳደር ሞባይል ባንኪንግ App እጅግ የሚያበሳጭ ነው ለውጥ ያስፈልጋችኋል,1,2024-09-05,Bank of Abyssinia,Google Play,negative,-1
Fast one,3,2024-09-04,Bank of Abyssinia,Google Play,positive,1
Nice looking app but a terrible user experience.,1,2024-09-03,Bank of Abyssinia,Google Play,negative,-1
The worest MB app ever!!🙄,1,2024-09-02,Bank of Abyssinia,Google Play,negative,-1
It is ok,5,2024-09-01,Bank of Abyssinia,Google Play,positive,1
Plz fix the Apps ....screenshot lovation hide from glarey share botten not work😔😔,1,2024-08-30,Bank of Abyssinia,Google Play,negative,-1
Apollo's,1,2024-08-29,Bank of Abyssinia,Google Play,positive,1
The worst experience ever,1,2024-08-29,Bank of Abyssinia,Google Play,negative,-1
Hussenaliumar,5,2024-08-29,Bank of Abyssinia,Google Play,negative,-1
Hi I have problem with this App BOA mobile I don't know what is wrong with this App I did many times download but it's sam doesn't work if sam like that this app way I have to be customer with them how I know my account and checking save The book is no Not enough alone,1,2024-08-28,Bank of Abyssinia,Google Play,negative,-1
It is not work for my device,5,2024-08-27,Bank of Abyssinia,Google Play,negative,-1
"I'm Sick and tiered of enabling and disabling Developer Option Everytime I use this app. maybe you know it maybe you dont, fix it please it's anoying",1,2024-08-26,Bank of Abyssinia,Google Play,negative,-1
The worst app ever,1,2024-08-26,Bank of Abyssinia,Google Play,negative,-1
Betanya Gebre,3,2024-08-23,Bank of Abyssinia,Google Play,positive,1
I dont recommand it to any one,1,2024-08-23,Bank of Abyssinia,Google Play,negative,-1
Excellent app,5,2024-08-21,Bank of Abyssinia,Google Play,positive,1
"The application used to work well. But after updates I'm not able to use the forgot password feature, which is blocking me from accessing it as a whole.",1,2024-08-20,Bank of Abyssinia,Google Play,negative,-1
ትርሃስ,5,2024-08-19,Bank of Abyssinia,Google Play,negative,-1
Gio,4,2024-08-19,Bank of Abyssinia,Google Play,positive,1
App isn't working,1,2024-08-18,Bank of Abyssinia,Google Play,negative,-1
so far good but always it lugs,3,2024-08-17,Bank of Abyssinia,Google Play,negative,-1
Don't trust this bank and its service.,1,2024-08-16,Bank of Abyssinia,Google Play,negative,-1
"I can not open and use the application,please help me!",5,2024-08-15,Bank of Abyssinia,Google Play,negative,-1
Horrible,1,2024-08-14,Bank of Abyssinia,Google Play,negative,-1
Mostly not working 😑,1,2024-08-14,Bank of Abyssinia,Google Play,negative,-1
Awesome 👌,5,2024-08-12,Bank of Abyssinia,Google Play,positive,1
"Despite the enhanced technology you have, the application doesn't work properly, and it asks for the developer option to be turned off, fix that.",3,2024-08-12,Bank of Abyssinia,Google Play,negative,-1
Very poor app b/c highly slow to open the app,1,2024-08-12,Bank of Abyssinia,Google Play,negative,-1
Wedi Tekle .,5,2024-08-11,Bank of Abyssinia,Google Play,negative,-1
Bad app📱👎👎👎,1,2024-08-11,Bank of Abyssinia,Google Play,negative,-1
Dura nan fayyadaman ture amma garuu naaf hojjechaa hin jiru maaf?,5,2024-08-11,Bank of Abyssinia,Google Play,negative,-1
Nice appp,5,2024-08-11,Bank of Abyssinia,Google Play,positive,1
ሰላም አቢሲኒያዎች የሞባይል ባንኪንጋችሁ ተጠቃሚ ነኝ አገልግሎቱን ስላስጀመራችሁለን እናመሰግናለን። ነገር ግን አለፎ አልፎ የነበረው የማስፈንጠሪያው በአግባቡ አለመስራት አልፎ አልፎ ወደመስራት ተቀይሯል ድሮ እንደነበራችሁ እናውቃለን ዘንድሮም ብትኖሩልን እንመርጣለን *ከዘመን አንጉደል*,3,2024-08-10,Bank of Abyssinia,Google Play,negative,-1
Gooood app my dear,5,2024-08-10,Bank of Abyssinia,Google Play,negative,-1
Harun tamam galanaa,3,2024-08-09,Bank of Abyssinia,Google Play,negative,-1
"A total disaster of an app. Always offline, never works, it's embarassing. I've lost hope and taken my business to a competitor",1,2024-08-08,Bank of Abyssinia,Google Play,negative,-1
Gamebela,1,2024-08-08,Bank of Abyssinia,Google Play,positive,1
so poor app to use can't start up when open the app,1,2024-08-08,Bank of Abyssinia,Google Play,negative,-1
"This app takes too long time to be opened. And even it is not working simply as other banks application. Why this app does not give a digital invoice. Even, I am not able to find where the screeshot is kept after transaction. So, please the developer should fix all these.",1,2024-08-07,Bank of Abyssinia,Google Play,negative,-1
Good job,5,2024-08-07,Bank of Abyssinia,Google Play,positive,1
"Worst app ever, not user friendly, even doesn't serve basic functionality correctly, takes to much time to login and navigate through the app, we expected more from this bank",1,2024-08-07,Bank of Abyssinia,Google Play,negative,-1
Bad app .,1,2024-08-06,Bank of Abyssinia,Google Play,negative,-1
"I mean how could a big financial company like this, be this much irresponsible to release this app? You should be ashamed!",1,2024-08-06,Bank of Abyssinia,Google Play,negative,-1
Review,5,2024-08-06,Bank of Abyssinia,Google Play,positive,1
Goood,4,2024-08-06,Bank of Abyssinia,Google Play,negative,-1
👎👎👎👎👎👎👎👎👎,1,2024-08-06,Bank of Abyssinia,Google Play,negative,-1
Is it necessary to switch off developer options every time to use mobile banking?🤔🤔😡😡😡,1,2024-08-04,Bank of Abyssinia,Google Play,negative,-1
The previous version is better it doesn't work,1,2024-08-04,Bank of Abyssinia,Google Play,negative,-1
"I don't know what is wrong with BOA as a bank in general. It's been going backwards since last year or so. The app is a disaster to use in every possible way. Not stable to log in and very slow to perform transactions, couldn't take a screenshot (or can't even find the pictures even using its save screenshot option). Most of the time, it fails to perform transactions and so on. Simply, it's the worst!",1,2024-08-03,Bank of Abyssinia,Google Play,negative,-1
ok,5,2024-08-03,Bank of Abyssinia,Google Play,positive,1
"Take some note from CBE mobile banking app, it's the best banking app currently take some note and improve ur app . Sometimes u have to learn from the bests 🙌",1,2024-08-03,Bank of Abyssinia,Google Play,positive,1
It's a useless app,1,2024-08-02,Bank of Abyssinia,Google Play,negative,-1
"It's not working as it was , so much need to improve, it was the best but not anymore",2,2024-08-01,Bank of Abyssinia,Google Play,negative,-1
Poor network,1,2024-08-01,Bank of Abyssinia,Google Play,negative,-1
Not yet completely working this App. i don't know when is it will be working properly! Its Sad!!!,1,2024-07-31,Bank of Abyssinia,Google Play,negative,-1
The app does not open sometimes it says coonection issue which i dont have and after it opens it has bugs while using its not smooth to work with please improve it,1,2024-07-31,Bank of Abyssinia,Google Play,negative,-1
"It's not working totally, what a useless app is it,",1,2024-07-31,Bank of Abyssinia,Google Play,negative,-1
"This app has become the most troubling every day. It doesn't work. I love the bank, and I hate the app",1,2024-07-31,Bank of Abyssinia,Google Play,negative,-1
this is so disappointing app 😞,1,2024-07-31,Bank of Abyssinia,Google Play,negative,-1
አቢስኒያ የሁሉም ምርጫ,5,2024-07-29,Bank of Abyssinia,Google Play,negative,-1
Nays,5,2024-07-28,Bank of Abyssinia,Google Play,negative,-1
The worst app,1,2024-07-28,Bank of Abyssinia,Google Play,negative,-1
it can't even open and only display error messages,1,2024-07-27,Bank of Abyssinia,Google Play,negative,-1
not active,1,2024-07-27,Bank of Abyssinia,Google Play,negative,-1
To get good quality,5,2024-07-27,Bank of Abyssinia,Google Play,positive,1
አይሰራም እኮ ምንድን ነው ችግሩ?,1,2024-07-26,Bank of Abyssinia,Google Play,negative,-1
uselss app dont download,1,2024-07-26,Bank of Abyssinia,Google Play,negative,-1
"Is this app fake i try it not working it say please try again later, unable to make transactions what is the purpose of this app . If it is not working delete it",1,2024-07-25,Bank of Abyssinia,Google Play,negative,-1
"This app didn't work. They have a new version (new app) but still not compatible with my Samsung S8+ , which is v.funny.",1,2024-07-25,Bank of Abyssinia,Google Play,negative,-1
Corrupted and poor app,1,2024-07-24,Bank of Abyssinia,Google Play,negative,-1
When I try to use the application it says 'developer setting should be off' where is the setting to off this play Still doesn't work for me,3,2024-07-24,Bank of Abyssinia,Google Play,negative,-1
FIX YOUR Apollo!! You guys where the best 👌,1,2024-07-23,Bank of Abyssinia,Google Play,positive,1
Always slow and doesn't work on weekends if you are in a rush or a merchant this app is not for you,1,2024-07-23,Bank of Abyssinia,Google Play,negative,-1
"It's very difficult to use the user, app,ones dawenload the user can't operate well , no one can help me,",1,2024-07-23,Bank of Abyssinia,Google Play,negative,-1
Poor application. It turned off by itself,1,2024-07-23,Bank of Abyssinia,Google Play,negative,-1
Allowed,5,2024-07-23,Bank of Abyssinia,Google Play,positive,1
It usually crashes and the reason it gives is a problem on internet connection although the internet was fine.,1,2024-07-23,Bank of Abyssinia,Google Play,negative,-1
we want international mobile banking,1,2024-07-22,Bank of Abyssinia,Google Play,positive,1
"screenshot isn't working, Please modify it",2,2024-07-22,Bank of Abyssinia,Google Play,negative,-1
Naziriet measho 89160437,1,2024-07-22,Bank of Abyssinia,Google Play,negative,-1
Ahmed Mohammed husen,3,2024-07-21,Bank of Abyssinia,Google Play,positive,1
Is not working both this one and apollo did u make it better pls am gonne stop using this bank because of the mobile banking,1,2024-07-19,Bank of Abyssinia,Google Play,negative,-1
I have experiance,5,2024-07-19,Bank of Abyssinia,Google Play,negative,-1
The App is not working on Android 9.1 at all. It shows an error notification and forcefully closes the app. Must be fixed ASAP.,1,2024-07-19,Bank of Abyssinia,Google Play,negative,-1
Crashes very frequently is not stable overall need improvement such a huge bank needs a better app than the current one,1,2024-07-19,Bank of Abyssinia,Google Play,negative,-1
ርይርፍ,3,2024-07-19,Bank of Abyssinia,Google Play,negative,-1
The previous application is much better than this one,1,2024-07-18,Bank of Abyssinia,Google Play,positive,1
"Worst app. It is wise to invest money and you can make it like CBE app. Even the incon has no image. My app has better UI than yours. So, please invest more and hire professional developer companies and improve it.",1,2024-07-18,Bank of Abyssinia,Google Play,negative,-1
mal,5,2024-07-16,Bank of Abyssinia,Google Play,negative,-1
It is not working at all,1,2024-07-16,Bank of Abyssinia,Google Play,negative,-1
Excellent,5,2024-07-16,Bank of Abyssinia,Google Play,positive,1
The poorest mobile banking survice ever. Only error reports frequently,1,2024-07-16,Bank of Abyssinia,Google Play,negative,-1
😞😞😞😞,1,2024-07-16,Bank of Abyssinia,Google Play,negative,-1
😡😡😡😡😡😡😡,1,2024-07-15,Bank of Abyssinia,Google Play,negative,-1
The worst banking app,1,2024-07-15,Bank of Abyssinia,Google Play,negative,-1
The app is constantly crashing and freezing when to send to BOA customers' accounts.,1,2024-07-15,Bank of Abyssinia,Google Play,negative,-1
No work app,5,2024-07-15,Bank of Abyssinia,Google Play,negative,-1
Is ok but stop sundenly,5,2024-07-15,Bank of Abyssinia,Google Play,positive,1
🤷🤷🤷,3,2024-07-15,Bank of Abyssinia,Google Play,negative,-1
experienced,5,2024-07-14,Bank of Abyssinia,Google Play,positive,1
Very poor app. Its Always cresh and not compatible,2,2024-07-13,Bank of Abyssinia,Google Play,negative,-1
"It's not functional at all. It keeps saying ""error"". Unable to activate.",1,2024-07-13,Bank of Abyssinia,Google Play,negative,-1
I can't believe that Abyssinia develop this kind of trash app it have a lot of issues 👎👎👎,1,2024-07-13,Bank of Abyssinia,Google Play,negative,-1
The new app is very good,5,2024-07-13,Bank of Abyssinia,Google Play,positive,1
It's very good but sometimes isn't work probably,5,2024-07-12,Bank of Abyssinia,Google Play,negative,-1
It doesn't work,1,2024-07-12,Bank of Abyssinia,Google Play,negative,-1
ጭራሽ አይነፋም,1,2024-07-12,Bank of Abyssinia,Google Play,negative,-1
"This is the most stupid app I've seen, why would I turn off developer mode just because you can't make your app secure, this clearly indicates the app has very poor implementation and unskilled developers.. There are a lot of people who need developer option for different reasons. Please for the sake of the bank, fix this thing... Even the most secure international banking apps don't require it. Not to mention the lag and crashes",1,2024-07-12,Bank of Abyssinia,Google Play,negative,-1
The worst mobile banking app,1,2024-07-11,Bank of Abyssinia,Google Play,negative,-1
It is not fast,3,2024-07-11,Bank of Abyssinia,Google Play,negative,-1
Useless,1,2024-07-11,Bank of Abyssinia,Google Play,negative,-1
The app keeps crashing it stops responding while I'm using it or trying to open the app. Now I have to go to the bank in person to do any banking activities. In short it is the worst mobile banking system in Ethiopia,1,2024-07-11,Bank of Abyssinia,Google Play,negative,-1
ሀየ,5,2024-07-10,Bank of Abyssinia,Google Play,negative,-1
Too late!,1,2024-07-10,Bank of Abyssinia,Google Play,negative,-1
No work,5,2024-07-10,Bank of Abyssinia,Google Play,negative,-1
"Pretty good for a banking app, it still lacks some things with in the ui and with the speed of the app but overall it's a good application. Thank you 5/5👍🏻",5,2024-07-09,Bank of Abyssinia,Google Play,positive,1
After update it doesn't work well,2,2024-07-09,Bank of Abyssinia,Google Play,negative,-1
Error occurred try again for 5 days tele birr user not found ለራሴ አዝዤ,1,2024-07-08,Bank of Abyssinia,Google Play,negative,-1
Good but Very slow.,1,2024-07-08,Bank of Abyssinia,Google Play,positive,1
Very good app,5,2024-07-07,Bank of Abyssinia,Google Play,positive,1
"It is so bad apps ,it doesn't work",1,2024-07-06,Bank of Abyssinia,Google Play,negative,-1
"From now on I will never going to use this app,It is a trash app.No one care about this app from bank I will rate them 0/5.",1,2024-07-06,Bank of Abyssinia,Google Play,negative,-1
It usually crashes and unable to process also it request to off the developer options,1,2024-07-05,Bank of Abyssinia,Google Play,negative,-1
Miliyone.,5,2024-07-05,Bank of Abyssinia,Google Play,negative,-1
Workneh girmamo,5,2024-07-05,Bank of Abyssinia,Google Play,positive,1
🙏🙏🙏,5,2024-07-05,Bank of Abyssinia,Google Play,negative,-1
"I can't believe in this day and age, one of the major banks of the country can't seem to understand that having a working mobile payment option is a **MUST** to survive. I have decided to move my accounts to CBE and Awash because of this. Can't be bothered with this useless app.",1,2024-07-04,Bank of Abyssinia,Google Play,negative,-1
Is it even working these days? Please check it.,1,2024-07-04,Bank of Abyssinia,Google Play,positive,1
"The app is essentially unusable, it asks to disable developer mode even when it is already disabled and crashes, sometimes it only works with wifi and sometimes only with data, or it crashes just because.......",1,2024-07-04,Bank of Abyssinia,Google Play,negative,-1
Please make it functional.,5,2024-07-03,Bank of Abyssinia,Google Play,positive,1
its best app but its don't working in poor connection area so,5,2024-07-03,Bank of Abyssinia,Google Play,negative,-1
Please Recover thank you,5,2024-07-02,Bank of Abyssinia,Google Play,positive,1
This app doesn't work,1,2024-06-30,Bank of Abyssinia,Google Play,negative,-1
"the app used to run fine, but now it takes like forever to even open the main dashboard and sometimes it just crashes on its own. you guys gotta step it up. we need this app to be way faster",1,2024-06-27,Bank of Abyssinia,Google Play,negative,-1
the underrated app I've ever seen and ur banking system is Soo Idiocracy,1,2024-06-27,Bank of Abyssinia,Google Play,negative,-1
It demands to disable developer option.,1,2024-06-27,Bank of Abyssinia,Google Play,negative,-1
"It's been two months now, I cannot do any transaction using this app. It's really disappointing. I am using bank of Abyssinia currently because it's the nearest bank to my work place. The bank is turning to the worst bank in the country day by day. They always respond to customers that they are updating their system all year long, I think that's what they train their customer service operators to do.",1,2024-06-26,Bank of Abyssinia,Google Play,negative,-1
Open Open service,5,2024-06-26,Bank of Abyssinia,Google Play,positive,1
አፑ በጣም አስቸጋሪ ሆኗል,1,2024-06-25,Bank of Abyssinia,Google Play,negative,-1
Its not working.,1,2024-06-24,Bank of Abyssinia,Google Play,negative,-1
"Riddled with crashes, cant use it anymore. Very frustrating!",1,2024-06-20,Bank of Abyssinia,Google Play,negative,-1
Always error occured. The worst app ever,1,2024-06-20,Bank of Abyssinia,Google Play,negative,-1
ከዚህ ትልቅ ባንክ የማይጠበቅ ድንዝዝዝዝ ያለ App.... ዛግግግ ነው ያረገኝ 😡😡😡,1,2024-06-20,Bank of Abyssinia,Google Play,negative,-1
Excellent service,5,2024-06-19,Bank of Abyssinia,Google Play,positive,1
It's not convenient,1,2024-06-17,Bank of Abyssinia,Google Play,negative,-1
meskelu Metku,5,2024-06-17,Bank of Abyssinia,Google Play,positive,1
Verry nice,5,2024-06-17,Bank of Abyssinia,Google Play,positive,1
It has become the most unreliable mibile banking app ever.,1,2024-06-16,Bank of Abyssinia,Google Play,negative,-1
"አኘልኬሽኑ በሁሉም ነገር ጥሩ ነዉ,ነገር ግን Network በጣም ነዉ እሚያስቸገረው",2,2024-06-13,Bank of Abyssinia,Google Play,negative,-1
The poorest mobile banking I have seen in the industry. Is not stable to login and post transactions. Is not attractive. Error reports frequently.,5,2024-06-13,Bank of Abyssinia,Google Play,negative,-1
👍👍👍,5,2024-06-12,Bank of Abyssinia,Google Play,negative,-1
Really Bank,5,2024-06-12,Bank of Abyssinia,Google Play,positive,1
I like the the bank of Abyssinia is the best first bank of Ethiopia,1,2024-06-11,Bank of Abyssinia,Google Play,positive,1
The app is not good need a few work,3,2024-06-11,Bank of Abyssinia,Google Play,negative,-1
"The worst mob app i have ever seen. Slow, uncomfortable and stupid. It is better to learn from the best app (tele birr). The released updates is even worst.",1,2024-06-11,Bank of Abyssinia,Google Play,negative,-1
"Unreliable, expensive service. Most of the time, it is not working. Sometimes, it will take more than a day to complete transactions and charges more for this unworthy service. I will not recommend this bank app to anyone.",1,2024-06-10,Bank of Abyssinia,Google Play,negative,-1
excellent service,5,2024-06-10,Bank of Abyssinia,Google Play,positive,1
You are beutiful,5,2024-06-09,Bank of Abyssinia,Google Play,negative,-1
The best app,5,2024-06-06,Bank of Abyssinia,Google Play,positive,1
አይሰራም አፑ ለምንድነው,1,2024-06-06,Bank of Abyssinia,Google Play,negative,-1
Awful,1,2024-06-06,Bank of Abyssinia,Google Play,negative,-1
Developer option to be off really,1,2024-06-06,Bank of Abyssinia,Google Play,negative,-1
Good app boa,5,2024-06-06,Bank of Abyssinia,Google Play,positive,1
I'm disappointed with the recent changes to this app. Disabling developer options for functionality seems unnecessary. The previous version offered a more user-friendly experience.,1,2024-06-06,Bank of Abyssinia,Google Play,negative,-1
"Worest app, it cannot be downloaded",2,2024-06-05,Bank of Abyssinia,Google Play,negative,-1
😭😭😭😭😭😭😭,1,2024-06-05,Bank of Abyssinia,Google Play,negative,-1
slow only some times the wey it is veary nice app,5,2024-06-05,Bank of Abyssinia,Google Play,positive,1
ok yes,5,2024-06-04,Bank of Abyssinia,Google Play,positive,1
It's nice apps,1,2024-06-04,Bank of Abyssinia,Google Play,positive,1
Wow! what a disgrace for BOA. The app barely works. Too slow and always returns error.,1,2024-06-03,Bank of Abyssinia,Google Play,negative,-1
Excited by your service,5,2024-06-02,Bank of Abyssinia,Google Play,positive,1
Kerfafa new,1,2024-06-01,Bank of Abyssinia,Google Play,positive,1
ABDU MUDESR,2,2024-06-01,Bank of Abyssinia,Google Play,positive,1
"The worst mobile banking app! It doesn't load (seems like with the perfect WiFi and data connection it still manages to have network issues), when you finally get into the app, it makes it so hard more than it should be to send money.",1,2024-05-31,Bank of Abyssinia,Google Play,negative,-1
It is Good to save time 👌👌,3,2024-05-31,Bank of Abyssinia,Google Play,positive,1
"I'm sorry but what kind of stupid developer thinks the app will be faster if we disable ""Developer mode""? I've never seen such degeneracy in my entire life, please get rid of this feature",1,2024-05-30,Bank of Abyssinia,Google Play,negative,-1
What is the purpose or point of not allowing to take a screenshot of the recipe after transferring???,1,2024-05-29,Bank of Abyssinia,Google Play,negative,-1
Ayseram,1,2024-05-28,Bank of Abyssinia,Google Play,negative,-1
Worst banking app ever,1,2024-05-28,Bank of Abyssinia,Google Play,negative,-1
not bad,1,2024-05-26,Bank of Abyssinia,Google Play,positive,1
I can't use the app unless I turn off developer mode?? What kind of stupid rule is that?? The worst experience for a banking app!!,1,2024-05-26,Bank of Abyssinia,Google Play,negative,-1
How disappointing!,1,2024-05-25,Bank of Abyssinia,Google Play,negative,-1
Sorry to say this compared to other banks mobile app its the worest it need more improvement the app doesn't match the bank standard it need more update its too slow plus it keep saying stop developing option on your phone when no developing setting enabled ??plus when it come to recent transaction nothing to display...,1,2024-05-24,Bank of Abyssinia,Google Play,negative,-1
Very Very nice 👌 👍,5,2024-05-23,Bank of Abyssinia,Google Play,positive,1
🥰🥰🥰🥰🥰,5,2024-05-23,Bank of Abyssinia,Google Play,negative,-1
Cool,4,2024-05-22,Bank of Abyssinia,Google Play,positive,1
What is that disable developer option I have never seen any app commands.,3,2024-05-22,Bank of Abyssinia,Google Play,negative,-1
Please fix the app i doesn't belongs to Abbssinya Bank Name,1,2024-05-22,Bank of Abyssinia,Google Play,negative,-1
All,5,2024-05-21,Bank of Abyssinia,Google Play,positive,1
Very poor,1,2024-05-21,Bank of Abyssinia,Google Play,negative,-1
"Playstore need to have some option to give 0 stars because this application right here, deserve exactly that, imagine being one of the biggest banks In the country and can't manage to have good mobile application in the Era of mobile money, you guys are in the brink of collapse you better make it right real quick or you gonna be 10 meters down to the grave. DON'T USE THIS APP, IT'S WASTE OF TIME.",1,2024-05-21,Bank of Abyssinia,Google Play,negative,-1
It's good when i've downloaded at first. But now it doesn't work well,2,2024-05-20,Bank of Abyssinia,Google Play,negative,-1
It's just terrible. It kept crashing in middle of transaction. Hell sometimes it won't open. My phone is stock Android (pixel 8) and I don't even know how this happens. Fix it!,1,2024-05-20,Bank of Abyssinia,Google Play,negative,-1
ደስታው ንጋቴ,5,2024-05-20,Bank of Abyssinia,Google Play,negative,-1
Good but not working top up,5,2024-05-20,Bank of Abyssinia,Google Play,positive,1
በጣም ቀፋፊ አፕ ነው ። ሰርቶ አያውቅም ። በጣም ብዙ ችግር አለበት ከአቢሲኒያ ባንክ የማይጠበቅ አፕ ለምን ደህና ዲቨሎኘር ቀጥራችሁ አፕሊኬሽኑን ድጋሚ አታሰሩትም ?,1,2024-05-20,Bank of Abyssinia,Google Play,negative,-1
It is good,5,2024-05-19,Bank of Abyssinia,Google Play,positive,1
Great app..,3,2024-05-18,Bank of Abyssinia,Google Play,positive,1
This app is the most worst app I used in Ethiopia and belive me I know I live in Ethiopia. Being the fincial app It doesn't work when you want it. It makes you wait for cash out code and immediately debit the amount before sending the code I have got to say abysinia bank I didn't expect this from you and I use CBE mobile banking,1,2024-05-18,Bank of Abyssinia,Google Play,negative,-1
Poor mobile banking alwayes not working alwayes,1,2024-05-18,Bank of Abyssinia,Google Play,negative,-1
"Absolutely the worst mobile banking app.it crashs every time,problem when logging in and and cuts my balance when top up without even recharging",1,2024-05-17,Bank of Abyssinia,Google Play,negative,-1
Fails occasionally.,4,2024-05-17,Bank of Abyssinia,Google Play,negative,-1
Worst app ever,1,2024-05-16,Bank of Abyssinia,Google Play,negative,-1
Easy and cool app,5,2024-05-16,Bank of Abyssinia,Google Play,positive,1
open,5,2024-05-16,Bank of Abyssinia,Google Play,positive,1
App is so bad network,1,2024-05-16,Bank of Abyssinia,Google Play,negative,-1
It's not working for 3days. Come on as a big bank in Ethiopia this is unprofessionallism from boa,1,2024-05-15,Bank of Abyssinia,Google Play,negative,-1
"Be careful of using this app to transfer large sums of money. Recently I can't top up my mobile card, can't pay tickets, can't transfer money to Telebirr. The *815# works but what's the use of an app if we're using USSD. It will refund your mobile top up days after failing to top up but I wouldn't want to risk that. I'm a big fan of BoA but I wouldn't recommend this app. 👎",1,2024-05-15,Bank of Abyssinia,Google Play,negative,-1
Nice 🤙,5,2024-05-15,Bank of Abyssinia,Google Play,positive,1
"The worst mobile banking app, doesn't even work for a week properly.",1,2024-05-15,Bank of Abyssinia,Google Play,negative,-1
Secretary,5,2024-05-14,Bank of Abyssinia,Google Play,positive,1
77867748 I can't update my mobile banking,1,2024-05-14,Bank of Abyssinia,Google Play,negative,-1
Hate how we're expected to disable 'Developer Options' everytime we open the app. An unnecessary point of friction that's been put in place in the guise of security.,2,2024-05-14,Bank of Abyssinia,Google Play,negative,-1
Exilent service,5,2024-05-13,Bank of Abyssinia,Google Play,negative,-1
Build a new app,1,2024-05-13,Bank of Abyssinia,Google Play,positive,1
Exceptional service,5,2024-05-13,Bank of Abyssinia,Google Play,positive,1
I don't get why this app is developed it is not functional at all !!,1,2024-05-12,Bank of Abyssinia,Google Play,negative,-1
good good,3,2024-05-12,Bank of Abyssinia,Google Play,positive,1
This app is trash,1,2024-05-12,Bank of Abyssinia,Google Play,negative,-1
It's improved now,3,2024-05-12,Bank of Abyssinia,Google Play,positive,1
It is really make my life so much easy!,5,2024-05-12,Bank of Abyssinia,Google Play,positive,1
Good appp,1,2024-05-11,Bank of Abyssinia,Google Play,positive,1
My advice for whoever reading is go look for other bank(awash bank is a great example). This bank won't even allow you to access your money when you want. It has bad servers which don't work(respond) on time.,1,2024-05-11,Bank of Abyssinia,Google Play,negative,-1
Am not satisfay,2,2024-05-11,Bank of Abyssinia,Google Play,negative,-1
Preventing login because I have developer options on is not security. Moved all my money somewhere else because I just didn't wanna deal with it,1,2024-05-11,Bank of Abyssinia,Google Play,negative,-1
The app has bugs. Signing in is still a challenge. Transfer to another bank is impossible. The app is slow and bland.,3,2024-05-11,Bank of Abyssinia,Google Play,negative,-1
Why do u force me to Turn OFF developers option just to use your app its not fair and am not using ur app anymore,1,2024-05-10,Bank of Abyssinia,Google Play,negative,-1
"Very poor app. It crashes every time, doesn't load properly, and you can't even buy airtime. The programming is subpar. Please take lessons from other online banking apps. I would give it a zero if I could!!",1,2024-05-10,Bank of Abyssinia,Google Play,negative,-1
GOOD HARMONY BANK,5,2024-05-10,Bank of Abyssinia,Google Play,positive,1
This app is very simpl for useing,4,2024-05-10,Bank of Abyssinia,Google Play,negative,-1
Very laggy un able to make transactions Fix it,1,2024-05-10,Bank of Abyssinia,Google Play,negative,-1
After recent update the app keeps asking to disable developers options and won't let you use it unless you do.,2,2024-05-10,Bank of Abyssinia,Google Play,negative,-1
Wow amazing,5,2024-05-10,Bank of Abyssinia,Google Play,positive,1
Ethiopia,5,2024-05-09,Bank of Abyssinia,Google Play,positive,1
Great UI UX Design !!!,5,2024-05-09,Bank of Abyssinia,Google Play,positive,1
Rubbish!,1,2024-05-09,Bank of Abyssinia,Google Play,negative,-1
App is any updates why?,5,2024-05-09,Bank of Abyssinia,Google Play,negative,-1
"I am an app developer, I need to keep developer options on... WHY ARE YOU ASKING ME TO TURN DEVELOPER OPTIONS OFF... why is it that Abyssinia is the only damned bank in Ethiopia that just can't seem to buld an app that works... it's not that hard people, just look at CBE... this is simply terrible, borderline unusable!",1,2024-05-09,Bank of Abyssinia,Google Play,negative,-1
UGH 🤮🤮🤮 they are super calculative when it CM 2 Mobile-banking or any online stuff. If ur degital!! better chose other bank.,1,2024-05-09,Bank of Abyssinia,Google Play,negative,-1
Slow every time,2,2024-05-08,Bank of Abyssinia,Google Play,negative,-1
It takes a very long time to log in please fix,1,2024-05-08,Bank of Abyssinia,Google Play,negative,-1
It's not functional at all,1,2024-05-08,Bank of Abyssinia,Google Play,negative,-1
What's wrong with App. this days? it doesn't working properly. 1) it's VERY SLOW & doesn't open. it's very Annoying. 2) most of the time it says repeatedly Please try it again or try it later but again and again it doesn't open or work. 3) repeatedly it says something went wrong then it off the screen. I've updated the App. when it needed but nothing changed. 👉PLEASE if it has some issues with the App. Please fix it otherwise I'm going to uninstall it.,2,2024-05-08,Bank of Abyssinia,Google Play,negative,-1
Eri,5,2024-05-08,Bank of Abyssinia,Google Play,positive,1
Disgrace app,1,2024-05-08,Bank of Abyssinia,Google Play,negative,-1
It doesn't work 😔,1,2024-05-07,Bank of Abyssinia,Google Play,negative,-1
It crash repeatedly! Try to make it more stable for customers need meet!,2,2024-05-07,Bank of Abyssinia,Google Play,negative,-1
After two weeks it require update why?,5,2024-05-07,Bank of Abyssinia,Google Play,negative,-1
Excellence,5,2024-05-07,Bank of Abyssinia,Google Play,positive,1
It keeps crashing and hasn't been fixed,1,2024-05-07,Bank of Abyssinia,Google Play,negative,-1
"The application is full of bug, so annoying.",1,2024-05-07,Bank of Abyssinia,Google Play,negative,-1
"Why is the app asking me to remove developer options? Why does it matter what I do with my phone , this is unacceptable! Fix this",3,2024-05-06,Bank of Abyssinia,Google Play,negative,-1
Worst application relative to other Ethiopia mobile banking app,1,2024-05-06,Bank of Abyssinia,Google Play,negative,-1
"Lag,...",1,2024-05-06,Bank of Abyssinia,Google Play,negative,-1
"""I am extremely disappointed with the poor service I have received. It is unacceptable that I cannot make transactions of 30,000 Birr and sometimes my money gets stuck in the air. As a result of your incompetence, I have been forced to change my bank account. This level of service is completely unacceptable and needs to be rectified immediately.""",1,2024-05-06,Bank of Abyssinia,Google Play,negative,-1
አረ wuyyyyyyyyyy,1,2024-05-05,Bank of Abyssinia,Google Play,negative,-1
Great app,5,2024-05-05,Bank of Abyssinia,Google Play,positive,1
"Doesn't work properly, keeps closing won't activate any account, I wouldn't recommend downloading",1,2024-05-05,Bank of Abyssinia,Google Play,negative,-1
Pls improve your mobile banking app it's doesn't work constantly after i updated the new version of your app try to improve,1,2024-05-05,Bank of Abyssinia,Google Play,negative,-1
አሁን update የተደረገው App ምንም ነው የማይሰራው መከራችንን እኮ ነው ያሳየን😏😏),1,2024-05-05,Bank of Abyssinia,Google Play,negative,-1
Dont even try,1,2024-05-05,Bank of Abyssinia,Google Play,negative,-1
"The version 24.04.26 is not opening on any of my devices. I noticed this issue on my friend's Android 9 phone and also on my Samsung Android 12 phone. Even after weekly updates, the newest version is not working properly. Please provide a stable version update, as I prefer the older version of the app from the new one.",1,2024-05-04,Bank of Abyssinia,Google Play,negative,-1
it's good app,5,2024-05-04,Bank of Abyssinia,Google Play,positive,1
Good service,5,2024-05-04,Bank of Abyssinia,Google Play,positive,1
This app is not working!!,1,2024-05-04,Bank of Abyssinia,Google Play,negative,-1
ayseram yastelal,3,2024-05-04,Bank of Abyssinia,Google Play,positive,1
this app not work why?pleas tell me,2,2024-05-04,Bank of Abyssinia,Google Play,negative,-1
I am comfortable with your good service,5,2024-05-04,Bank of Abyssinia,Google Play,positive,1
betam yedadab app,1,2024-05-04,Bank of Abyssinia,Google Play,negative,-1
i like is app boA,4,2024-05-04,Bank of Abyssinia,Google Play,positive,1
best app from any mobilebanking,5,2024-05-04,Bank of Abyssinia,Google Play,positive,1
It crushes repeatedly,1,2024-05-03,Bank of Abyssinia,Google Play,negative,-1
Very bad app as always bothering any transaction processes.,1,2024-05-03,Bank of Abyssinia,Google Play,negative,-1
Ok true,1,2024-05-03,Bank of Abyssinia,Google Play,positive,1
Actually faster,4,2024-05-03,Bank of Abyssinia,Google Play,positive,1
I prefer the earlier version. This updated app crushes during login and says there is bug. Please fix the bug issue.,4,2024-05-03,Bank of Abyssinia,Google Play,negative,-1
Soo many bugs on this app I haven't been able to use it since I installed it very bad,1,2024-05-03,Bank of Abyssinia,Google Play,negative,-1
My #1 choice,5,2024-05-03,Bank of Abyssinia,Google Play,positive,1
This application isn't working properly,1,2024-05-03,Bank of Abyssinia,Google Play,negative,-1
This is too poorer than the previous app.,1,2024-05-03,Bank of Abyssinia,Google Play,negative,-1
cool App Tnxes,5,2024-05-03,Bank of Abyssinia,Google Play,positive,1
Not working 😕,1,2024-05-03,Bank of Abyssinia,Google Play,negative,-1
"The app keeps crashign again and again, i didn't even get to sign in. Worst update!!",1,2024-05-03,Bank of Abyssinia,Google Play,negative,-1
"Developers/ the company takes too long to update the app, and throughout that process, the app is basically useless. We can't send money or even be able to check our account. They even take it down from the Play Store for a while. This whole process usually takes them 3 to 5 days. This is very disappointing. It is an improvement from the previous version of the app, but they still have a long way to go to compete with the likes of CBE. Transferring to other banks sometimes doesn't work.",2,2024-05-03,Bank of Abyssinia,Google Play,negative,-1
Yleiall,1,2024-05-03,Bank of Abyssinia,Google Play,positive,1
"Was working ok.but it started not displaying banks list to choose from, and it needs updating every couple of days, annoying",3,2024-05-03,Bank of Abyssinia,Google Play,negative,-1
"Dear BOA, Are you sure you are upgrading your application. It is becoming worse and worse. Please fix the bug as quickly as possible.",1,2024-05-03,Bank of Abyssinia,Google Play,negative,-1
Nice one thanks abisiniya,5,2024-05-03,Bank of Abyssinia,Google Play,positive,1
it doesnt work it crashes,1,2024-05-03,Bank of Abyssinia,Google Play,negative,-1
It keeps clashing down What a crass stupid app is this... You forced me to update after I transferred money and now I can't open it,1,2024-05-03,Bank of Abyssinia,Google Play,negative,-1
Sorie,1,2024-05-03,Bank of Abyssinia,Google Play,positive,1
Slow,1,2024-05-03,Bank of Abyssinia,Google Play,negative,-1
Plays,5,2024-05-02,Bank of Abyssinia,Google Play,positive,1
Crash... glitch... crash... blame connection... crash... crash again. Please fix it,1,2024-05-02,Bank of Abyssinia,Google Play,negative,-1
So unreliable i had to send money asap but this app either laggs or doesn't work such a lazy work look at how efficient tele birr is and its not even a bank,1,2024-05-02,Bank of Abyssinia,Google Play,negative,-1
Great app than others,5,2024-05-02,Bank of Abyssinia,Google Play,positive,1
OMG this is like the worst mobile banking app ever. I have many different mobile banking app from different banks but this is the worst so far. It says it has connection issue when I have wifi or data connection and while I'm using other social media apps. It keeps asking me for update once like every week and takes forever to load like I have to wait at least 10 minutes to login and another 10 min to see my balance.,1,2024-05-02,Bank of Abyssinia,Google Play,negative,-1
👎,1,2024-05-02,Bank of Abyssinia,Google Play,negative,-1
I think I remember it worked once upon time...,2,2024-05-02,Bank of Abyssinia,Google Play,positive,1
This app is going to the worest boa app ever😡 It crushes every time login.,1,2024-05-02,Bank of Abyssinia,Google Play,negative,-1
"The app never worked properly, specially on android 14, do better",1,2024-05-02,Bank of Abyssinia,Google Play,negative,-1
Fix the bug.,1,2024-05-02,Bank of Abyssinia,Google Play,negative,-1
all the time updated but im not satisfy by boa mobile bancking 😡😡😡,1,2024-05-02,Bank of Abyssinia,Google Play,negative,-1
It always crashes,1,2024-05-02,Bank of Abyssinia,Google Play,negative,-1
Worst app ever. Barely works,1,2024-05-02,Bank of Abyssinia,Google Play,negative,-1
It keep making me out and crash when i open the app and not working properly,1,2024-05-02,Bank of Abyssinia,Google Play,negative,-1
"After last update, the app keeps crashing, not working. Pls fix it. Mobile transactions become impossible.",1,2024-05-02,Bank of Abyssinia,Google Play,negative,-1
Very bad app,2,2024-05-02,Bank of Abyssinia,Google Play,negative,-1
"I don't know why every time you come up with a new update the app get worst than the oldest, it is taking more time to load, can load money to telebirr, can't pay awach. Please try to fix it.",1,2024-05-02,Bank of Abyssinia,Google Play,negative,-1
The worest mobile banking app,1,2024-05-02,Bank of Abyssinia,Google Play,negative,-1
It was working good before the last update but after the update it asks to disable developer option. why is that? That means any developer with developer option enabled can't access his account. It crushs a lot of times.,2,2024-05-01,Bank of Abyssinia,Google Play,negative,-1
Ayseram mnm,1,2024-05-01,Bank of Abyssinia,Google Play,negative,-1
"From Ethiopian Internet banking Abbisiniya Internet banking application is the most worst boring and slower app, please fix that",1,2024-05-01,Bank of Abyssinia,Google Play,negative,-1
Well,5,2024-05-01,Bank of Abyssinia,Google Play,positive,1
good App and user friendly.,4,2024-05-01,Bank of Abyssinia,Google Play,positive,1
Every time needs update & after that it's not working it's too boring,1,2024-05-01,Bank of Abyssinia,Google Play,positive,1
Mnm beka ayeseram hule endaschegeregn,1,2024-05-01,Bank of Abyssinia,Google Play,negative,-1
What mean disable developer option?,5,2024-05-01,Bank of Abyssinia,Google Play,negative,-1
"Slow login, crashes frequently, annoying app ever. Since you updated this app, it's been extremely unhelpful.",1,2024-05-01,Bank of Abyssinia,Google Play,negative,-1
"why do we need to turn off ""developer options"" in order to use your app, on the new update??? Are we suppose to not use our device for other purposes just so we can use your app? It is not security it is BS. (fix that and I will update my rating)",1,2024-05-01,Bank of Abyssinia,Google Play,negative,-1
Annoying it doesn't work totally,1,2024-05-01,Bank of Abyssinia,Google Play,negative,-1
The Worst application ever,1,2024-05-01,Bank of Abyssinia,Google Play,negative,-1
The best beautiful app,5,2024-05-01,Bank of Abyssinia,Google Play,positive,1
Keeps crashing everytime what a disaster,1,2024-05-01,Bank of Abyssinia,Google Play,negative,-1
It doesn't work anymore,1,2024-05-01,Bank of Abyssinia,Google Play,negative,-1
"The app is terrible, nothing functions properly. Especially since the latest update, it crashes all the time.",1,2024-05-01,Bank of Abyssinia,Google Play,negative,-1
"It's good app but the system is not same as CBE bankin mobile When i compare To these apps BOA and CBE, CBE is the best up",1,2024-05-01,Bank of Abyssinia,Google Play,positive,1
Please focus on the functionality of the app instead of spending money on the advertisements.,1,2024-05-01,Bank of Abyssinia,Google Play,positive,1
Frequently crashing fix it please,1,2024-05-01,Bank of Abyssinia,Google Play,positive,1
95% of the time it crashes,1,2024-05-01,Bank of Abyssinia,Google Play,negative,-1
The worst update ever You don't deserve one star;,1,2024-05-01,Bank of Abyssinia,Google Play,negative,-1
No feature works correctly. Its always buffering and needs probably high data. So its useless 😏😏😏,2,2024-04-30,Bank of Abyssinia,Google Play,negative,-1
"This app is trash, it's not working for the past 3-4 days. I've to go to the bank to send money to other banks. Plus the app keeps crashing since the last update. BOA as a bank is deteriorating! This has to change.",1,2024-04-30,Bank of Abyssinia,Google Play,negative,-1
App needs a lot of work. It continuously crashes and shuts down.,1,2024-04-30,Bank of Abyssinia,Google Play,negative,-1
Not comfortable with this version. Its hard to down it load Developer option is not allowed to use it as usual.,5,2024-04-30,Bank of Abyssinia,Google Play,negative,-1
This app is so annoying as the previous version.,3,2024-04-30,Bank of Abyssinia,Google Play,negative,-1
Need many improvements,2,2024-04-30,Bank of Abyssinia,Google Play,negative,-1
Great always great!!!,5,2024-04-30,Bank of Abyssinia,Google Play,positive,1
Pic new,5,2024-04-30,Bank of Abyssinia,Google Play,positive,1
አፑ ቆንጆ ነበር አማርኛ ቋንቋ ቢካተት ሌላው በአሁን ሰዓት ይኼን ስፅፍ እያስቸገረኝ ነው ሲስተሙ,5,2024-04-30,Bank of Abyssinia,Google Play,negative,-1
"Such a junk application, its not working at all. Waste of time",1,2024-04-30,Bank of Abyssinia,Google Play,negative,-1
Hello is this new update cuz it keeps kicking me out!!!!! can't make a transaction fr!,3,2024-04-30,Bank of Abyssinia,Google Play,negative,-1
"you guys keep on releasing unstable app, now it won't login",2,2024-04-30,Bank of Abyssinia,Google Play,negative,-1
Doeisn't work,5,2024-04-30,Bank of Abyssinia,Google Play,negative,-1
"I never ever seen the worst commercial app like this in my life , it does not work anything , i donot know how the IT Team of the bank tested and launch the app. Its annoying !",1,2024-04-30,Bank of Abyssinia,Google Play,negative,-1
The best bank with the worst application and ussd service.,1,2024-04-30,Bank of Abyssinia,Google Play,negative,-1
The old version is best. This one is so lagging and it's not fast to quick transfer,1,2024-04-30,Bank of Abyssinia,Google Play,negative,-1
The latest update has a bug it keeps crashing. Please fix it it's so inconvenient to do our business this way. That or we will switch to other banks,3,2024-04-30,Bank of Abyssinia,Google Play,negative,-1
Amaizing Bank in Etthiopia,5,2024-04-30,Bank of Abyssinia,Google Play,positive,1
Good banking app,4,2024-04-29,Bank of Abyssinia,Google Play,positive,1
It doesn't function properly!! You don't even deserve one star.. please stop playing your dirty game on your customer...,1,2024-04-29,Bank of Abyssinia,Google Play,negative,-1
That's a fantastic app! L,2,2024-04-29,Bank of Abyssinia,Google Play,positive,1
The best bank,5,2024-04-29,Bank of Abyssinia,Google Play,positive,1
"This app has been found useless while I compared with the first version of IB12111...that was very good, you guys what is the matter with you. You are far from the technology and the competetor's digital product through convenience, reliable, easeness _-dashen, cbe, zemen... they are doing well! share their experience and be able to satisfy your esteemed customers including me. unless you will be down soon!",1,2024-04-29,Bank of Abyssinia,Google Play,negative,-1
"This new update really sucks.. Can't even get the chance to put my pin, bugs and everything,please fix it developer",1,2024-04-29,Bank of Abyssinia,Google Play,negative,-1
I have never seen the worst mobile app like this,5,2024-04-29,Bank of Abyssinia,Google Play,negative,-1
Very very good app,5,2024-04-29,Bank of Abyssinia,Google Play,positive,1
it keeps crashing,1,2024-04-29,Bank of Abyssinia,Google Play,negative,-1
Excited,5,2024-04-29,Bank of Abyssinia,Google Play,positive,1
This app isn't working well on Tecno phone 📱. what is the error??,1,2024-04-29,Bank of Abyssinia,Google Play,negative,-1
👑👑,5,2024-04-29,Bank of Abyssinia,Google Play,negative,-1
Bad app,1,2024-04-29,Bank of Abyssinia,Google Play,negative,-1
To payment,1,2024-04-29,Bank of Abyssinia,Google Play,positive,1
"With every update the app keeps on getting worse,it is filled with bugs",1,2024-04-29,Bank of Abyssinia,Google Play,negative,-1
Not working properly why?????????,1,2024-04-29,Bank of Abyssinia,Google Play,negative,-1
The update app is the worest one when i compare with past.,1,2024-04-28,Bank of Abyssinia,Google Play,negative,-1
"It's nice, the stack thing needs update thou",5,2024-04-28,Bank of Abyssinia,Google Play,positive,1
This application is relatively good even if some times interpreted.But apolo is difficult application please improve it.,5,2024-04-28,Bank of Abyssinia,Google Play,positive,1
The app is not properly working.,3,2024-04-28,Bank of Abyssinia,Google Play,negative,-1
It is always crushing it loged me out all the time,1,2024-04-28,Bank of Abyssinia,Google Play,negative,-1
I love boa but the mobile app isn't as good as the older version when the app gets update it gets worse and worse it doesn't even work..fix the issue with that,2,2024-04-28,Bank of Abyssinia,Google Play,negative,-1
"Why Why Why???? it is difficult to make transactions, it takes alot of time to make payments, i thought the update will make it work, but it got worse. please fix it",1,2024-04-28,Bank of Abyssinia,Google Play,negative,-1
"the worst app I have ever used, I could've given 5 star if it worked properly even just for logging in and check my accounts. seemed that's impossible",1,2024-04-28,Bank of Abyssinia,Google Play,negative,-1
sometime it is not working wel,4,2024-04-27,Bank of Abyssinia,Google Play,negative,-1
Very helpfull app,5,2024-04-27,Bank of Abyssinia,Google Play,positive,1
Best 100%,5,2024-04-27,Bank of Abyssinia,Google Play,positive,1
"Very slow response , try to some updates in the application",1,2024-04-27,Bank of Abyssinia,Google Play,negative,-1
"useless app. bank to bank transactions do not work at all, wallet topups like telebirr take hours to reach. what a shame from a bank this big.",1,2024-04-26,Bank of Abyssinia,Google Play,negative,-1
Really work very good app l like you BoA,5,2024-04-26,Bank of Abyssinia,Google Play,positive,1
ያምራል,5,2024-04-25,Bank of Abyssinia,Google Play,negative,-1
Very old app is disgusting,1,2024-04-25,Bank of Abyssinia,Google Play,negative,-1
The worst App I have ever seen.,1,2024-04-25,Bank of Abyssinia,Google Play,negative,-1
"I tried it with different phones, it only worked for about a week and then it stopped working. It needs some serious work.",1,2024-04-25,Bank of Abyssinia,Google Play,negative,-1
The onky defect is that it is too slow,3,2024-04-25,Bank of Abyssinia,Google Play,negative,-1
Sorry to say it is very poor apps I have decided to suspend the BoA account,1,2024-04-25,Bank of Abyssinia,Google Play,negative,-1
Boa is the best app but Please Clear Instant or Not instant option of send money be for Asked !!!,5,2024-04-24,Bank of Abyssinia,Google Play,negative,-1
"Installed the latest version of this app on my Android 14 device, but it is not working. I have already received the activation key from your branch (via SMS), but couldn't activate it. It is a failed app. I bet you don't have QA testers.",1,2024-04-24,Bank of Abyssinia,Google Play,negative,-1
"This is not functional at all, it takes forever to make a transaction,please improve it.",1,2024-04-24,Bank of Abyssinia,Google Play,negative,-1
Nic app,5,2024-04-24,Bank of Abyssinia,Google Play,positive,1
I can't update the enable button not open.,1,2024-04-24,Bank of Abyssinia,Google Play,negative,-1
The best,5,2024-04-24,Bank of Abyssinia,Google Play,positive,1
The Bank I always love 😘 and work with them is priceless,5,2024-04-24,Bank of Abyssinia,Google Play,positive,1
It's the best,5,2024-04-24,Bank of Abyssinia,Google Play,positive,1
"BOA app was one of my favourite back in the days, now I don't if there is an app worsen that this.. very very bad. You need to fix it or remove it.",1,2024-04-24,Bank of Abyssinia,Google Play,negative,-1
This app is very wonderful,5,2024-04-24,Bank of Abyssinia,Google Play,positive,1
It is not working at all.,1,2024-04-24,Bank of Abyssinia,Google Play,negative,-1
To slow,1,2024-04-23,Bank of Abyssinia,Google Play,negative,-1
🙏,5,2024-04-23,Bank of Abyssinia,Google Play,negative,-1
"I've never seen a very worst mobile banking system like this, i lost 37000 birr because of your delay transaction system, i called 8397 and they told me stay for confirmation but, after i changed my mind and waiting for confirmation call to cancel the process they sent it with out my approval, so please don't use the mobile banking system please",1,2024-04-23,Bank of Abyssinia,Google Play,negative,-1
6r---“q##👺,2,2024-04-23,Bank of Abyssinia,Google Play,negative,-1
In Ethiopia pest Bank,5,2024-04-23,Bank of Abyssinia,Google Play,negative,-1
It is not working,1,2024-04-23,Bank of Abyssinia,Google Play,negative,-1
እጅግ በጣም ጥሩ ነው ።,5,2024-04-23,Bank of Abyssinia,Google Play,negative,-1
Only problem is often it has connectivity issues.,5,2024-04-23,Bank of Abyssinia,Google Play,negative,-1
Not bad but please make it lite pls,1,2024-04-23,Bank of Abyssinia,Google Play,positive,1
Usfull,5,2024-04-23,Bank of Abyssinia,Google Play,positive,1
Good bank,5,2024-04-22,Bank of Abyssinia,Google Play,positive,1
"It says ""Something is wrong with your internet banking user, go to your nearest branch"" It hasn't been working since April 13.",1,2024-04-22,Bank of Abyssinia,Google Play,negative,-1
በጣም ምርጥ አኘ ነው ቶሎ ይበላሻል,3,2024-04-22,Bank of Abyssinia,Google Play,negative,-1
I like this bank by his activity and respect castemers i look like my house,5,2024-04-22,Bank of Abyssinia,Google Play,positive,1
አርፍ ነው,5,2024-04-22,Bank of Abyssinia,Google Play,negative,-1
Bank Of Abyssina,5,2024-04-22,Bank of Abyssinia,Google Play,negative,-1
very fast also nice app i love it,5,2024-04-22,Bank of Abyssinia,Google Play,positive,1
በጣም አስቸጋሪ እና አዳጋች የሆነ አሠራር ነው የሚጠቀመው ግብይት መፈፀም ክፍያው ተቆርጦ ሎክ አካውንት በማለት ያስቀምጣል በሌላ አማራጭ ከከፈሉ በኃላ ተመላሽ እንኳን አያደርግም,1,2024-04-22,Bank of Abyssinia,Google Play,negative,-1
"By far the nicest looking app by an Ethiopian Bank. But it's functionality is weak. It is full of Transaction error, Function Error. Kudos, but it needs more backend work.",2,2024-04-22,Bank of Abyssinia,Google Play,negative,-1
Very bad 👎,2,2024-04-22,Bank of Abyssinia,Google Play,negative,-1
Not reliable always with some issues,1,2024-04-22,Bank of Abyssinia,Google Play,negative,-1
Right one,1,2024-04-22,Bank of Abyssinia,Google Play,positive,1
"So BoA, your last application was horrible and buggy. And we thought ""finally!! a functional new app with better UI."" But It didn't last long, a non existent connection error at login.... Please just fix your app to the simplest functional form and it would be up to your other service standards.",1,2024-04-21,Bank of Abyssinia,Google Play,negative,-1
"It has good backgroud and simple. But keeps saying no conectivty , login, Close immediately you made it porly not woriking on stable network!!!",1,2024-04-21,Bank of Abyssinia,Google Play,negative,-1
"It was working fine a couple of days ago, in the utilities section of payment it only provides a few services but that is OK for now but my issue is it has started crashing down these past 2 days",2,2024-04-21,Bank of Abyssinia,Google Play,negative,-1
"This app is awesome, I like the features",5,2024-04-21,Bank of Abyssinia,Google Play,positive,1
"The app is a total waste of time, it glitches, doesn't log in fast, super slow.",1,2024-04-21,Bank of Abyssinia,Google Play,negative,-1
Very very bad app,1,2024-04-21,Bank of Abyssinia,Google Play,negative,-1
Not work this app ...what is the problem,1,2024-04-20,Bank of Abyssinia,Google Play,negative,-1
the new updated app exception handling for connection fluctuations is so exhausting which lead users to login repeated times.,1,2024-04-20,Bank of Abyssinia,Google Play,negative,-1
"Some problem this app,",1,2024-04-20,Bank of Abyssinia,Google Play,negative,-1
It keeps on crashing,1,2024-04-20,Bank of Abyssinia,Google Play,negative,-1
poor performance,1,2024-04-20,Bank of Abyssinia,Google Play,negative,-1
Hey no working,5,2024-04-19,Bank of Abyssinia,Google Play,negative,-1
It's good app tnx for u new update it's very easy to using this app they add some future tnx Abyssinia bank,5,2024-04-18,Bank of Abyssinia,Google Play,positive,1
A lot of the app's features have been rearranged but sometimes it works sometimes it doesnt...and that makes it less reliable specially at times of need...pls improve it,2,2024-04-18,Bank of Abyssinia,Google Play,negative,-1
Now am confused upgrade or downgrade 🤔,1,2024-04-17,Bank of Abyssinia,Google Play,negative,-1
Wowww,5,2024-04-16,Bank of Abyssinia,Google Play,positive,1
wow good job BOA,5,2024-04-16,Bank of Abyssinia,Google Play,positive,1
Vary good app,5,2024-04-15,Bank of Abyssinia,Google Play,positive,1
Can you please just make it functional. I don't think anyone cares how good it looks if not a single functionality works. Plus it's not even aestheticaly nice. The loading animated icon has white irregular edges because the logo wasn't cut out correctly. The app doesn't work at all. It doesn't even login. It gets stuck on login just showing the logo animation and blames the issue on connectivity. Connectivity is fine and the proof is that this review is posted.,1,2024-04-15,Bank of Abyssinia,Google Play,negative,-1
add receipt pdf like telebirr,5,2024-04-14,Bank of Abyssinia,Google Play,negative,-1
በጣም ቀለል ያለ እና ምቹ ና አስተማማኝ ነው እርሶም ይጠቀሙበት !!!,1,2024-04-14,Bank of Abyssinia,Google Play,positive,1
The app is not showing my balance or any transaction it is like corrupted showing usd amounts,1,2024-04-13,Bank of Abyssinia,Google Play,negative,-1
አሰ,1,2024-04-13,Bank of Abyssinia,Google Play,negative,-1
Its good,5,2024-04-13,Bank of Abyssinia,Google Play,positive,1
❤,5,2024-04-13,Bank of Abyssinia,Google Play,negative,-1
it's so slow app please fix it,2,2024-04-13,Bank of Abyssinia,Google Play,negative,-1
It crash always,4,2024-04-13,Bank of Abyssinia,Google Play,negative,-1
The most terrible mobel banking app in the world it is not working ones in a week,1,2024-04-13,Bank of Abyssinia,Google Play,negative,-1
"Ultimately, the worst mobile banking experience ever left me feeling exasperated and disillusioned.Its a nightmare",1,2024-04-13,Bank of Abyssinia,Google Play,negative,-1
"The updated version of this app is just time wasting. It doesn't work with 2G/3G network.require log in frequently,not fast as much as possible.automatic log out are the bad features of this app",1,2024-04-13,Bank of Abyssinia,Google Play,negative,-1
Why u do that hh,2,2024-04-13,Bank of Abyssinia,Google Play,negative,-1
Abissiniya bank one of the best for giving the future,5,2024-04-12,Bank of Abyssinia,Google Play,positive,1
This the best mobile banking App BOA mobile banking included all digital banking features and we can access the most companies and sectors with this App. Thanks for giving this services Keep going .,5,2024-04-12,Bank of Abyssinia,Google Play,positive,1
"This has to be your worst app ever, damm so many bugs and it lags so baddd. Please fix it",1,2024-04-12,Bank of Abyssinia,Google Play,negative,-1
Simplify your life by using the Abyssinia app I like it because it is comfortable and safe,5,2024-04-11,Bank of Abyssinia,Google Play,positive,1
"General, when I considered from other banks, this bank is unique",4,2024-04-11,Bank of Abyssinia,Google Play,positive,1
Boa ... The best,5,2024-04-09,Bank of Abyssinia,Google Play,positive,1
wow its so attractive,5,2024-04-09,Bank of Abyssinia,Google Play,positive,1
Yet another useless app,1,2024-04-09,Bank of Abyssinia,Google Play,negative,-1
Keep it up 1ygna bank,5,2024-04-09,Bank of Abyssinia,Google Play,positive,1
It's good!,4,2024-04-09,Bank of Abyssinia,Google Play,positive,1
oh,5,2024-04-08,Bank of Abyssinia,Google Play,positive,1
Great apps,5,2024-04-07,Bank of Abyssinia,Google Play,positive,1
It closes playing audio app when it is opened . What is the solution?,5,2024-04-06,Bank of Abyssinia,Google Play,negative,-1
Mosisaborana,5,2024-04-05,Bank of Abyssinia,Google Play,negative,-1
Mubarak,5,2024-04-03,Bank of Abyssinia,Google Play,negative,-1
OTP should be inserted manually. not working on my phone,2,2024-04-02,Bank of Abyssinia,Google Play,negative,-1
"my device is not auto inserting The OTP, So keyboard should be enabled on the apps OTP login to insert OTP Manually.",3,2024-04-02,Bank of Abyssinia,Google Play,negative,-1
Nice app,5,2024-03-29,Bank of Abyssinia,Google Play,positive,1
Worse mobile banking ever 👎👎,1,2024-03-29,Bank of Abyssinia,Google Play,negative,-1
What's wrong with app suddenly stoped to open?,1,2024-03-25,Bank of Abyssinia,Google Play,negative,-1
Just use other banks if you want a good mobile app. CBE is 40X faster and safe than this app.,1,2024-03-23,Bank of Abyssinia,Google Play,negative,-1
Worst app ever previous version was way better than this version after I activated my mobile banking app it says account not found but I'm their system my IB customer does work fine please fix your bugs and test it before you release it I have visit and report many branches and head quarter but they can't fix the problem,1,2024-03-23,Bank of Abyssinia,Google Play,negative,-1
Wow! Thanks BoA,5,2024-03-22,Bank of Abyssinia,Google Play,positive,1
"The app doesnot allow to transfer from foreign currency accounts to local currency accounts , it says transaction not allowed , please check it and also it is difficult to activate the app from abroad countries since the otp doesn't reach by sms and it uses email, it doesn't allow manual otp input and the email hardly received , please review your app and make an update !!!",2,2024-03-22,Bank of Abyssinia,Google Play,negative,-1
I have nothing against your service but your App!!!!??? When will it ever work? Why do you keep changing the interface whenever there is an update? The most unreadable annoying app.,1,2024-03-22,Bank of Abyssinia,Google Play,negative,-1
Muhammaadamaan musxafaa,5,2024-03-21,Bank of Abyssinia,Google Play,negative,-1
When writing amounts z app cannot insert deceimasl so that one cannot transact amounts involving cents !!! A finnacial app to be released without this feature being checked !!!,3,2024-03-20,Bank of Abyssinia,Google Play,negative,-1
BOA mobile the best App,5,2024-03-20,Bank of Abyssinia,Google Play,positive,1
worst banking app i have ever used. Try to modify it,2,2024-03-19,Bank of Abyssinia,Google Play,negative,-1
The application is extremely slow.,1,2024-03-16,Bank of Abyssinia,Google Play,negative,-1
NICE APP,5,2024-03-15,Bank of Abyssinia,Google Play,positive,1
I couldn't transfer because of bug's its annoying for a bank app nots acceptable,1,2024-03-15,Bank of Abyssinia,Google Play,negative,-1
"It was a very nice app and was exemplary to other banks, but I am experiencing difficulties in transfering transactions and thinking to leave Abyssinia? What would you advise me. ወጣ ወጣና ሆነእኮ ነገሩ።",5,2024-03-14,Bank of Abyssinia,Google Play,negative,-1
This app is a good app,5,2024-03-14,Bank of Abyssinia,Google Play,positive,1
Poor,1,2024-03-13,Bank of Abyssinia,Google Play,negative,-1
It's good Rate app,5,2024-03-12,Bank of Abyssinia,Google Play,positive,1
Very Good,5,2024-03-12,Bank of Abyssinia,Google Play,positive,1
Always there a problem with this app it says check your connection while connected 😞,1,2024-03-09,Bank of Abyssinia,Google Play,negative,-1
It's bad,1,2024-03-09,Bank of Abyssinia,Google Play,negative,-1
Berry good,5,2024-03-08,Bank of Abyssinia,Google Play,positive,1
Waw,1,2024-03-08,Bank of Abyssinia,Google Play,negative,-1
It's not fast to use,3,2024-03-08,Bank of Abyssinia,Google Play,negative,-1
A little faster than before . Thanks,5,2024-03-05,Bank of Abyssinia,Google Play,positive,1
Application,5,2024-03-05,Bank of Abyssinia,Google Play,positive,1
Toppen!!!,5,2024-03-04,Bank of Abyssinia,Google Play,positive,1
The worst mobile banking app like the previous one. How long it would take for BOA to develop a good app?????? Years or decades?,1,2024-03-04,Bank of Abyssinia,Google Play,negative,-1
AoB,2,2024-03-04,Bank of Abyssinia,Google Play,negative,-1
Awosome,5,2024-03-03,Bank of Abyssinia,Google Play,negative,-1
Was good at first but now i couldn't reach my apollo account in the mobile banking app,1,2024-03-03,Bank of Abyssinia,Google Play,negative,-1
I don't know why they roll out new updates without making sure it works! Why???? Do they need to update to a new staff? Perhaps pay for a better network?? Mindenew? I don't know there always a problem with this app.,1,2024-03-02,Bank of Abyssinia,Google Play,negative,-1
Ayub Gebere,5,2024-03-02,Bank of Abyssinia,Google Play,positive,1
Always crashes,1,2024-03-02,Bank of Abyssinia,Google Play,negative,-1
Best version of boa apps,1,2024-03-02,Bank of Abyssinia,Google Play,positive,1
"Its amazing and easy to use , but from these two past days it crashes and tells me ""there is not enough connectivity"" while my internet was good enough , and i can't open it anymore !! Fix this proplem ASAP.",5,2024-03-02,Bank of Abyssinia,Google Play,negative,-1
After the recent update the application keeps crashing when I tried to open. Please fix.,1,2024-03-01,Bank of Abyssinia,Google Play,negative,-1
The worse app I have ever seen.,1,2024-03-01,Bank of Abyssinia,Google Play,negative,-1
An excellent app.,5,2024-03-01,Bank of Abyssinia,Google Play,positive,1
"The worst mobile banking app ever!!! I have tried to transfer 25,000 from my BOA account to my CBE and it still hasn't reached my CBE account yet. When I tried contacting customer support they just tell me it's a problem with the system. I have waited 48 hours and I still haven't received my money. Bank of Abyssinia the worst bank and system, I don't recommend this app or bank to anyone.",1,2024-03-01,Bank of Abyssinia,Google Play,negative,-1
666⁸,4,2024-02-29,Bank of Abyssinia,Google Play,positive,1
i like this app,5,2024-02-29,Bank of Abyssinia,Google Play,positive,1
More interactive and easy to use mobile app👌,5,2024-02-29,Bank of Abyssinia,Google Play,positive,1
App,5,2024-02-28,Bank of Abyssinia,Google Play,positive,1
Not working,2,2024-02-28,Bank of Abyssinia,Google Play,negative,-1
Thank you for wasting my time Abyssinia.,1,2024-02-26,Bank of Abyssinia,Google Play,negative,-1
Overrated service and recently glitching service system not being able to withdraw funds.,1,2024-02-26,Bank of Abyssinia,Google Play,positive,1
😏,1,2024-02-25,Bank of Abyssinia,Google Play,negative,-1
ስንታየሁ,5,2024-02-24,Bank of Abyssinia,Google Play,negative,-1
Very Interesting,5,2024-02-24,Bank of Abyssinia,Google Play,positive,1
User friendly at it's best with the best security option.,5,2024-02-24,Bank of Abyssinia,Google Play,positive,1
"It's a quiet good and smoothly accessible app which allows users to transfer , Airtime Top-up, ATM withdrawal and Utilities payments.",5,2024-02-24,Bank of Abyssinia,Google Play,positive,1
This app is not efficient and can't be used for people outside Ethiopia. I am not able to enter back my OTP code into the App screen as it gets frozen and nothing can be done. Also the login screen forces to enter a local cell phone in Ethiopia and a PIN number. Those of us who live abroad are left out. The previous application with BoA Authenitcater was working efficiently and I was also able to login using my LapTop. I recommend the Application to use login user name & email instead of Ph#.,1,2024-02-23,Bank of Abyssinia,Google Play,negative,-1
Worst application I ever used,1,2024-02-23,Bank of Abyssinia,Google Play,negative,-1
Wow bank of Abyssinia great job I really like the updated version of Mobile banking specially it allows me to transfer 500000 birr,5,2024-02-23,Bank of Abyssinia,Google Play,positive,1
It is easy to use and very fast app,5,2024-02-23,Bank of Abyssinia,Google Play,positive,1
It is better than before and i like it,5,2024-02-22,Bank of Abyssinia,Google Play,positive,1
It good app,4,2024-02-22,Bank of Abyssinia,Google Play,positive,1
Abyssinian mobile banking the latest one,5,2024-02-22,Bank of Abyssinia,Google Play,positive,1
The receipt download option is very convenient.,5,2024-02-22,Bank of Abyssinia,Google Play,positive,1
I used to access my Apollo account through the app before the update but now i can't access my Apollo account through this app and for me this is a step taken backwards!!!!!,3,2024-02-22,Bank of Abyssinia,Google Play,negative,-1
Denez boa,2,2024-02-21,Bank of Abyssinia,Google Play,positive,1
Welcome BoA mobile,5,2024-02-21,Bank of Abyssinia,Google Play,positive,1
It is very bad app. not friendly usable. needs extremely strong network. Can't be updated easily.,1,2024-02-21,Bank of Abyssinia,Google Play,negative,-1
Definitly better than the privious version but this one crashes frequently and needed to put to sleep on andrioid version 9,2,2024-02-20,Bank of Abyssinia,Google Play,negative,-1
"Its nice platform when i compare with the previous version! But, when i try to use mobile banking the app states use the updated one! As it orders, i updated BOA from playstore, when i try to use mobile banking on the following day the same thing-update from the playstore!!!!",5,2024-02-20,Bank of Abyssinia,Google Play,negative,-1
Very Fast And attractive App,5,2024-02-20,Bank of Abyssinia,Google Play,positive,1
It's good app,5,2024-02-20,Bank of Abyssinia,Google Play,positive,1
The app got a better features and easy to use.,5,2024-02-20,Bank of Abyssinia,Google Play,positive,1
Thes is nise app,5,2024-02-19,Bank of Abyssinia,Google Play,negative,-1
I have a great experience using this App,5,2024-02-19,Bank of Abyssinia,Google Play,positive,1
Best app but after the update the screenshot not working,4,2024-02-19,Bank of Abyssinia,Google Play,negative,-1
It was good and more secured mb app but this new version apk i can't find it on play store will you tell me what i have too do ...please,5,2024-02-19,Bank of Abyssinia,Google Play,negative,-1
"I have a fitayah account, a type of interest free account, and because their system is unable to process anything for people like me I can't see any of my accounts in the account list on any transaction, although I can see it when performing security actions or checking my balance, as such this app is as useless to me as the previous one. Unbelievable",1,2024-02-18,Bank of Abyssinia,Google Play,negative,-1
ግሞች ደህና የነበረውን አግማሙት ኤጭ,1,2024-02-18,Bank of Abyssinia,Google Play,negative,-1
በጣም የሞተና የወረደ አፕ ነው,1,2024-02-17,Bank of Abyssinia,Google Play,negative,-1
Noting! Mnm ayseram,1,2024-02-17,Bank of Abyssinia,Google Play,negative,-1
It doesnt send birr immediately to anything,1,2024-02-17,Bank of Abyssinia,Google Play,negative,-1
So this updated version is so much better and faster but it doesn't open unless it's directly opened from play store. fix this issue I'd give it 5 if it wasn't for this,3,2024-02-16,Bank of Abyssinia,Google Play,negative,-1
"Horrible, your apps are getting worse and worse",1,2024-02-16,Bank of Abyssinia,Google Play,negative,-1
good app,5,2024-02-16,Bank of Abyssinia,Google Play,positive,1
"This is terrible app. What the hell is your problem. Passwords can't be entered manually. I'm abroad. I don't have my Ethiopian Sim. I'm receiving the activation code via telegram. But you locked the system not to accept the activation OTP manually. Hence, I can't see my accounts, I can't make transactions etc.... how can you not think of this in advance.... now I'm in a terrible situation. I can't know what is going on with my account. WOULD YOU FIX IT NOW.... NOT TOMORROW or THE DAY AFTER...",1,2024-02-16,Bank of Abyssinia,Google Play,negative,-1
I can't use it anymore,3,2024-02-16,Bank of Abyssinia,Google Play,negative,-1
update ካረኩት ቡሃላ screenshot አላስቀምጥም ብሏል። ግን screenshot ማንሳት ጀምሯል,4,2024-02-15,Bank of Abyssinia,Google Play,negative,-1
Very good app its easy to use,5,2024-02-15,Bank of Abyssinia,Google Play,positive,1
Its very slow and fail to load any transaction,2,2024-02-15,Bank of Abyssinia,Google Play,negative,-1
"Great graphics, but why my music have to stop when I open this app? Make it make sense. But overall, it's good, but also needs too much data just to load this app. We might need a lite version of this.",3,2024-02-15,Bank of Abyssinia,Google Play,negative,-1
Boring,1,2024-02-15,Bank of Abyssinia,Google Play,negative,-1
Poor app,1,2024-02-14,Bank of Abyssinia,Google Play,negative,-1
Very good app!!,5,2024-02-14,Bank of Abyssinia,Google Play,positive,1
Wow amazing app,5,2024-02-14,Bank of Abyssinia,Google Play,positive,1
"Was working fine for 2 days then Error the request was not successful please check your connectivity or try again my connection works perfectly i reinstalled the app called support multiple times all of them said it's a system problem be patient it has been a week since then, called again they even dared to say the problem is your phone restart it which i did but still the same other banking apps work perfectly but this my experience with this app, horrible the whole system is bad",1,2024-02-14,Bank of Abyssinia,Google Play,negative,-1
It is good &fast to open!!,5,2024-02-14,Bank of Abyssinia,Google Play,positive,1
It is the worst app that I have ever downloaded. It crushes every time I log in 👎 👎 👎 👎 👎 👎 👎 👎 👎 👎 👎 👎 👎 👎,1,2024-02-14,Bank of Abyssinia,Google Play,negative,-1
The keyboard not Working please fix it,1,2024-02-14,Bank of Abyssinia,Google Play,negative,-1
"When we come to use mobile banking app this app is the WOREST one. Who made this app? Why? im almost forget to use it While the app right infront to my phone. I preffered to go branch office rather than to use it. Let alone for transaction or other service for simple purpose to check my balance i used to call for the bank 'call center' rather than to open for this difficult app. It need high speed internet service, it stop service for simple interuption of the network, after transfer the 1/2",1,2024-02-13,Bank of Abyssinia,Google Play,negative,-1
You should include manual OTP input!,1,2024-02-13,Bank of Abyssinia,Google Play,negative,-1
"Worst App it ain't allowing yo activate not even in the nearest branch are able to activate it. I have been client of the bank for 10years. What is this BoA? As we know it being a leading in simplifying banking service this App needs to be fixed. Then we will give it better rate,",1,2024-02-13,Bank of Abyssinia,Google Play,negative,-1
እኔ ከሀገር ውጪ ነው ያለሁት I need help please!!! የበፊቱ app አልከፍት ብሎኝ አብዴት ማድረግ አልቻልኩም ከ ፕሌይ ስቶር ላይ እንደ አዲስ ነው ዳውንሎድ የሚጠይቀው እሱንም ሳደርግ በ ኢትዮጵያ ስልክ ቁጥር ነው ኮድ የሚልከው ፣የኢትዮጵያ ቅጥሬ አሁን active አይደለም ምን ማድረግ እችላለው? በምን መንገድ ልትረዱኝ ትችላላችሁ?,1,2024-02-13,Bank of Abyssinia,Google Play,negative,-1
"The app does not work well from abroad, there have been continuous upgrades and updates that are very interruptive and non-responsive. Staff do not have the technical capabilities to support whereas the support number and online support are never available.",1,2024-02-12,Bank of Abyssinia,Google Play,negative,-1
App good. how money transfer tele birr agents,1,2024-02-12,Bank of Abyssinia,Google Play,positive,1
BOA Mobile banking is hard to deal with. Very poor app never gets better it keep lagging,1,2024-02-12,Bank of Abyssinia,Google Play,negative,-1
"Wow, that's an awesome app",4,2024-02-11,Bank of Abyssinia,Google Play,positive,1
"I sm a big fan of BOA , but the mobile banking is so trashy( sorry but its the best word to discribe it).... please buy a good server ....it always show blank age after login slecially on sundays it does not work at all...the new update has a good UI but has same respose problem ....",3,2024-02-11,Bank of Abyssinia,Google Play,negative,-1
Good but app lait,4,2024-02-11,Bank of Abyssinia,Google Play,positive,1
this app doesn't fit the bank,1,2024-02-10,Bank of Abyssinia,Google Play,negative,-1
The updated version is nice one BOA always #1 bank,5,2024-02-10,Bank of Abyssinia,Google Play,positive,1
"As usual the app is ok, but this time i can't update it normally. It lags at 99% all the time. Hope it's fixable.",4,2024-02-10,Bank of Abyssinia,Google Play,negative,-1
You have made a great application that is easy to use,4,2024-02-08,Bank of Abyssinia,Google Play,positive,1
More easy and secure fast app than previous one,5,2024-02-08,Bank of Abyssinia,Google Play,positive,1
Wonderful apk,5,2024-02-07,Bank of Abyssinia,Google Play,positive,1
ለምንድን ነው የexit መውጫ የሌለው back back ስንል እንውላለን እንጂ አፑ አይዘጋም,2,2024-02-06,Bank of Abyssinia,Google Play,negative,-1
It's much better now effoyee...,5,2024-02-06,Bank of Abyssinia,Google Play,positive,1
"What an awesome app! It is supper easy to use with very attractive GUI. But there are some problems to be addressed: (1) It crashes frequently and requires mobile cache to be cleared to relaunch. (2) Automatic OTP input is good. But fix the manual activation option, too. (3) It does not boot fast. (4) There are minor errors during the installation. (5) Color contrast: In the transactions menu, the credit accounts should be in dark green than light green. The debit accounts should be in dark red.",5,2024-02-06,Bank of Abyssinia,Google Play,negative,-1
I am having a challenge to use the app. The app does not allow to update the previous app. Neither does it allow to manually insert OTP - BoA please modify the app to allow these features,3,2024-02-06,Bank of Abyssinia,Google Play,negative,-1
Easy and very nice app to load more than the previouse,5,2024-02-06,Bank of Abyssinia,Google Play,positive,1
I Don't Like It Once U Open It's open did Not Ask U The Pin when u get back Not Safty the Old Version Is More Secured,2,2024-02-06,Bank of Abyssinia,Google Play,negative,-1
I like it so much,5,2024-02-06,Bank of Abyssinia,Google Play,positive,1
Well Done,4,2024-02-05,Bank of Abyssinia,Google Play,positive,1
Not good,2,2024-02-05,Bank of Abyssinia,Google Play,negative,-1
To FCC,5,2024-02-05,Bank of Abyssinia,Google Play,negative,-1
"Best finance app,",5,2024-02-05,Bank of Abyssinia,Google Play,positive,1
"Simple, fast and easy to use. I had bad experience on apollo and the older version of this app is too slow.",5,2024-02-05,Bank of Abyssinia,Google Play,negative,-1
Much better and easy to access then the last boa app,5,2024-02-05,Bank of Abyssinia,Google Play,negative,-1
Vgood,5,2024-02-05,Bank of Abyssinia,Google Play,positive,1
best one,5,2024-02-04,Bank of Abyssinia,Google Play,positive,1
Not working properly always loading !,3,2024-02-04,Bank of Abyssinia,Google Play,negative,-1
Tnx for updating the app its easy and fadt,5,2024-02-04,Bank of Abyssinia,Google Play,negative,-1
Waw bezu amarache ke fetnet gar yemegerm lewt new,5,2024-02-04,Bank of Abyssinia,Google Play,negative,-1
I think this one is better than the prvious one much faster but try to make it more faster like nib and cbe specially nib bake their app is very nice but the bank is not anyways good job on this one,5,2024-02-04,Bank of Abyssinia,Google Play,negative,-1
"One of the weakness in BOA is it's mobile App. I hope this will address some of them, but it is very critical to work on modernizing and ensuring the security of it's mobile banking system in this digitalized world",3,2024-02-04,Bank of Abyssinia,Google Play,negative,-1
woow,5,2024-02-04,Bank of Abyssinia,Google Play,negative,-1
"Please add an option to manually input the OTP. I am residing outside of Ethiopia. I encountered difficulty accessing my account following the recent update (change) of your mobile banking app. Unfortunately, I am unable to activate the app on my mobile device. During the activation process, the app prompts for an OTP, which I can receive via Telegram. However, there is no option to manually input the OTP. I kindly request your assistance in resolving this matter and activating my account",3,2024-02-03,Bank of Abyssinia,Google Play,negative,-1
"Why the app doesn't allow to update the previous version. In addition to this, when I install the new version and try to activate, the app doesn't allow to write the activation OTP code to the screen. I have received the OTP password from telegram and email. Would you please fix this bug. Thank you",1,2024-02-03,Bank of Abyssinia,Google Play,negative,-1
Well done,5,2024-02-03,Bank of Abyssinia,Google Play,positive,1
I don't have words for your great work.. Really Good .what i like the most is the screenshots features is included which gives you the transactions detail ...Great Work...KEEP IT UP !!??,5,2024-02-03,Bank of Abyssinia,Google Play,positive,1
A massive improvement from the previous app. More modern and actually works,5,2024-02-03,Bank of Abyssinia,Google Play,positive,1
"""Why don’t your ATMs support account-to-account transfers like other countries( Kenya, Nigeria , South africa)""",4,2025-06-06,Commercial Bank of Ethiopia,Google Play,negative,-1
what is this app problem???,1,2025-06-05,Commercial Bank of Ethiopia,Google Play,negative,-1
the app is proactive and a good connections.,5,2025-06-05,Commercial Bank of Ethiopia,Google Play,positive,1
I cannot send to cbebirr app. through this app.,3,2025-06-05,Commercial Bank of Ethiopia,Google Play,negative,-1
not functional,1,2025-06-05,Commercial Bank of Ethiopia,Google Play,negative,-1
"everytime you uninstall the app you have to reach them out physically. very oldy! if that's one of security layer, they'd check for fraud attempt via app source directly(source:- app store, play store ... etc) implicitly ! we are in 2025, physical presence for every app install is traditional(traditionally very rare).",1,2025-06-04,Commercial Bank of Ethiopia,Google Play,negative,-1
አካውንት የምናስገባበት ቦታ ስም ጽፈን ነው ከዚህ በፊት የላክንባቸውን አካዉንቶች የምንፈልገዉ ነገር ግን አዲስ አካውንቶች mr ብለዉ የሚጀምሩ በዝተዋል ግን አፕልኬሽኑ space ስንጽፍ አይቀበልም ቢስተካከል,4,2025-06-04,Commercial Bank of Ethiopia,Google Play,negative,-1
bezabih,5,2025-06-04,Commercial Bank of Ethiopia,Google Play,positive,1
Best Mobile Banking app ever,5,2025-06-04,Commercial Bank of Ethiopia,Google Play,positive,1
it was good app but it have some issues like it doesnt give me the right amount that I have in the bank and have some issues in transferring,2,2025-06-04,Commercial Bank of Ethiopia,Google Play,negative,-1
👌👍,5,2025-06-04,Commercial Bank of Ethiopia,Google Play,negative,-1
very niec,5,2025-06-04,Commercial Bank of Ethiopia,Google Play,positive,1
best app of finance,5,2025-06-04,Commercial Bank of Ethiopia,Google Play,positive,1
yetemeta,1,2025-06-03,Commercial Bank of Ethiopia,Google Play,positive,1
Engida Kebede Fetera,5,2025-06-03,Commercial Bank of Ethiopia,Google Play,negative,-1
it is not safety,1,2025-06-03,Commercial Bank of Ethiopia,Google Play,negative,-1
NICE bank,5,2025-06-03,Commercial Bank of Ethiopia,Google Play,positive,1
it is like a childish app make it better the worst I have ever seen,1,2025-06-02,Commercial Bank of Ethiopia,Google Play,negative,-1
"It's a problem solver application, go ahead CBE, I love so much.",5,2025-06-02,Commercial Bank of Ethiopia,Google Play,positive,1
It's good but try to make it facilitate for your client,4,2025-06-02,Commercial Bank of Ethiopia,Google Play,positive,1
Awesome bank,5,2025-06-01,Commercial Bank of Ethiopia,Google Play,positive,1
this app has developed in a very good ways but there are some comments I need to make 1- preventing the screenshot likely not good for someone like me coz I need to make screenshot for quicker evidence. 2-it would be good if you make us to access recent transaction histories for 30 days coz we don't have to go to the Bank's in person to see old transactions or add colander category so user can easily access old transactions through colanders.,5,2025-05-31,Commercial Bank of Ethiopia,Google Play,negative,-1
Masha alla,5,2025-05-31,Commercial Bank of Ethiopia,Google Play,negative,-1
"Recently there is big problem when sending to safaricom, telebir, and even to cbebirr wallet could anybody who is responsible fix it, it's very frustrating it's been 5 days and my money hasn't been returned it takes it out of my account but doesn't send it to my mpesa update- they have just corrected it and sent me back the money but still I'm afraid now to send again",2,2025-05-31,Commercial Bank of Ethiopia,Google Play,negative,-1
better service,5,2025-05-31,Commercial Bank of Ethiopia,Google Play,positive,1
"it,s good app and time manager 👍",5,2025-05-30,Commercial Bank of Ethiopia,Google Play,positive,1
malkaamuu Jiidhaa Namoo,5,2025-05-30,Commercial Bank of Ethiopia,Google Play,negative,-1
lower system everything,3,2025-05-30,Commercial Bank of Ethiopia,Google Play,negative,-1
Nice!,5,2025-05-30,Commercial Bank of Ethiopia,Google Play,positive,1
Keep it up My CBE,5,2025-05-29,Commercial Bank of Ethiopia,Google Play,positive,1
yes good,5,2025-05-28,Commercial Bank of Ethiopia,Google Play,positive,1
"I was using this app for the last two years with no problems. It stopped working about 3 months ago. when I tried to transfer funds it gives me error ""can't do this transaction. inactive account.""",4,2025-05-27,Commercial Bank of Ethiopia,Google Play,negative,-1
i like everything of this app,5,2025-05-27,Commercial Bank of Ethiopia,Google Play,positive,1
🤬🤬🤬🤬 network 🛜,1,2025-05-26,Commercial Bank of Ethiopia,Google Play,negative,-1
CBE is the best financial application and and very dimple to use. I would like to say thank you so much for the developer of application. I really appreciate this app.,5,2025-05-26,Commercial Bank of Ethiopia,Google Play,positive,1
good job,5,2025-05-26,Commercial Bank of Ethiopia,Google Play,positive,1
it's awesome!!,5,2025-05-25,Commercial Bank of Ethiopia,Google Play,positive,1
thankyou every one,5,2025-05-25,Commercial Bank of Ethiopia,Google Play,positive,1
Ronaldo 🇵🇹 🥇,5,2025-05-25,Commercial Bank of Ethiopia,Google Play,positive,1
"this app is absolutely fantastic I love it and I enjoying to it ,let us support this foundation together .",5,2025-05-25,Commercial Bank of Ethiopia,Google Play,positive,1
"The CBE app has been highly unreliable in recent weeks. It frequently fails to work properly on both Ethio Telecom and Safaricom networks, whether using Wi-Fi or mobile data. This week, the system was down entirely for extended periods, making it very difficult to access banking services. The app only functions intermittently, and the lack of consistency is frustrating. I hope the issues are addressed soon, and that any non-technical influences are removed from such essential services.",2,2025-05-25,Commercial Bank of Ethiopia,Google Play,negative,-1
mortuary app,5,2025-05-25,Commercial Bank of Ethiopia,Google Play,negative,-1
it is smart app but it has stoped after some period of time on my device with out any reason .,5,2025-05-25,Commercial Bank of Ethiopia,Google Play,negative,-1
amazing app I am used this app for one year,4,2025-05-24,Commercial Bank of Ethiopia,Google Play,positive,1
i love it 😍😘,5,2025-05-24,Commercial Bank of Ethiopia,Google Play,positive,1
It makes life easy!👌,5,2025-05-24,Commercial Bank of Ethiopia,Google Play,positive,1
its not fast,1,2025-05-24,Commercial Bank of Ethiopia,Google Play,negative,-1
it is sooo good,5,2025-05-24,Commercial Bank of Ethiopia,Google Play,positive,1
Fantastic,5,2025-05-23,Commercial Bank of Ethiopia,Google Play,positive,1
accessible to using,5,2025-05-23,Commercial Bank of Ethiopia,Google Play,positive,1
I like it,4,2025-05-23,Commercial Bank of Ethiopia,Google Play,positive,1
why you change default network?,5,2025-05-23,Commercial Bank of Ethiopia,Google Play,negative,-1
very nice 👍,5,2025-05-23,Commercial Bank of Ethiopia,Google Play,positive,1
nice fast app,5,2025-05-23,Commercial Bank of Ethiopia,Google Play,positive,1
how to I get my money,5,2025-05-23,Commercial Bank of Ethiopia,Google Play,negative,-1
"Very bad, can't even load they need to improve their services.",1,2025-05-22,Commercial Bank of Ethiopia,Google Play,negative,-1
"Very good app, but please make it reliable . it crashes sometimes .",4,2025-05-22,Commercial Bank of Ethiopia,Google Play,positive,1
very busy I don't know why... I prefer 889,3,2025-05-22,Commercial Bank of Ethiopia,Google Play,negative,-1
"Sometimes it has a nasty lag for several hour fix that , the rest is 👌",4,2025-05-22,Commercial Bank of Ethiopia,Google Play,negative,-1
the most boring Mobil banking application in ethiopia.Please use alternative private banks mobile banking apps,1,2025-05-22,Commercial Bank of Ethiopia,Google Play,negative,-1
hojii bonsaadha,5,2025-05-22,Commercial Bank of Ethiopia,Google Play,positive,1
user-friendly apps.because this app is easy.,5,2025-05-22,Commercial Bank of Ethiopia,Google Play,positive,1
Awosome!!!,5,2025-05-22,Commercial Bank of Ethiopia,Google Play,positive,1
"Very good app,",5,2025-05-22,Commercial Bank of Ethiopia,Google Play,positive,1
sync problem may 22 2025 but the date stack on may 8 2025 help pls,5,2025-05-22,Commercial Bank of Ethiopia,Google Play,negative,-1
ይህ መተግበሪያ በጣም ጥሩ ነው. this app is very nice,5,2025-05-22,Commercial Bank of Ethiopia,Google Play,positive,1
I hate this app 😒,1,2025-05-22,Commercial Bank of Ethiopia,Google Play,negative,-1
trustful,5,2025-05-22,Commercial Bank of Ethiopia,Google Play,positive,1
update issue,4,2025-05-22,Commercial Bank of Ethiopia,Google Play,positive,1
its not working over safari network,1,2025-05-22,Commercial Bank of Ethiopia,Google Play,negative,-1
oldie,1,2025-05-22,Commercial Bank of Ethiopia,Google Play,negative,-1
it doesn't work,1,2025-05-21,Commercial Bank of Ethiopia,Google Play,negative,-1
"This app is good, and we are using it well",1,2025-05-21,Commercial Bank of Ethiopia,Google Play,positive,1
very nice 👌 app for android phone,5,2025-05-21,Commercial Bank of Ethiopia,Google Play,positive,1
Yes Yes,5,2025-05-21,Commercial Bank of Ethiopia,Google Play,positive,1
በጣም ከርፋፋ,1,2025-05-21,Commercial Bank of Ethiopia,Google Play,negative,-1
easy to use helpful in my life,5,2025-05-21,Commercial Bank of Ethiopia,Google Play,positive,1
good 👍,4,2025-05-21,Commercial Bank of Ethiopia,Google Play,positive,1
the best mobile banking app,5,2025-05-21,Commercial Bank of Ethiopia,Google Play,positive,1
"this app is very useful app,it saves time,and it is secure",4,2025-05-21,Commercial Bank of Ethiopia,Google Play,positive,1
it's a good application 👍,5,2025-05-21,Commercial Bank of Ethiopia,Google Play,positive,1
the screenshot and the reffresh options are so annoying that makes transaction so delaying activity !,2,2025-05-21,Commercial Bank of Ethiopia,Google Play,negative,-1
poor service,1,2025-05-21,Commercial Bank of Ethiopia,Google Play,negative,-1
it is reliable and easy to use.,5,2025-05-20,Commercial Bank of Ethiopia,Google Play,positive,1
the most annoying mobile banking app I've ever seen,1,2025-05-20,Commercial Bank of Ethiopia,Google Play,negative,-1
Cbe mobile banking,5,2025-05-20,Commercial Bank of Ethiopia,Google Play,positive,1
"i can't make Screenshout in this app, please made modification",5,2025-05-20,Commercial Bank of Ethiopia,Google Play,negative,-1
Best app I loved it,5,2025-05-19,Commercial Bank of Ethiopia,Google Play,positive,1
nice app,5,2025-05-19,Commercial Bank of Ethiopia,Google Play,positive,1
Amazing applicatiom sometimes doesnt work!,5,2025-05-18,Commercial Bank of Ethiopia,Google Play,negative,-1
well satisfied with this beautiful app,5,2025-05-18,Commercial Bank of Ethiopia,Google Play,positive,1
best app.,5,2025-05-17,Commercial Bank of Ethiopia,Google Play,positive,1
"not working,why???",5,2025-05-17,Commercial Bank of Ethiopia,Google Play,negative,-1
Great impact but why Developer option turnoff if you fix 🙏 🙏 🙏,5,2025-05-17,Commercial Bank of Ethiopia,Google Play,negative,-1
always disappointing ! especially the iOS one !! some similar local applications are extremely superior to this application!! Really disappointing!,1,2025-05-17,Commercial Bank of Ethiopia,Google Play,negative,-1
woxe harimo ribiso,5,2025-05-17,Commercial Bank of Ethiopia,Google Play,negative,-1
"Good ,easy to use",5,2025-05-16,Commercial Bank of Ethiopia,Google Play,positive,1
Good job👍,5,2025-05-14,Commercial Bank of Ethiopia,Google Play,positive,1
"Please kindly ask to update the app and allow us to screenshot, it's convenient and efficient as long as you add security to the access there is no reason to block us from screenshooting our screen.",2,2025-05-14,Commercial Bank of Ethiopia,Google Play,positive,1
I have using the CBE mobile banking app. and overall i appreciate its Feuteres However i.ve Notticed that when i turn on the Developer options on my divice the App.Stop Functioning prorerly It.Would Be Great If You could look into This issue as l often need to access Developer setting for Otter Application ThankYou For Your attention to This Matter,4,2025-05-13,Commercial Bank of Ethiopia,Google Play,negative,-1
customer service is bad nothing is good about this bank,1,2025-05-13,Commercial Bank of Ethiopia,Google Play,negative,-1
It is Amazing Mobile Banking App....But why the screenshot of the receipt doesnt work,5,2025-05-13,Commercial Bank of Ethiopia,Google Play,negative,-1
fast and simple easy to use 👌,5,2025-05-12,Commercial Bank of Ethiopia,Google Play,positive,1
The fastest transferring app I ever had its so reliable,5,2025-05-11,Commercial Bank of Ethiopia,Google Play,positive,1
"Funds transferred from the same bank do not reflect in the account, even though a confirmation text message was received.",3,2025-05-11,Commercial Bank of Ethiopia,Google Play,negative,-1
it's easy and fast,5,2025-05-10,Commercial Bank of Ethiopia,Google Play,positive,1
This app don't have self activation only you have to look near cbe branch that's disgusting,1,2025-05-10,Commercial Bank of Ethiopia,Google Play,negative,-1
hello dearest CBE office personnel make some benefits for those using interest free accounts thanks for your help,5,2025-05-09,Commercial Bank of Ethiopia,Google Play,positive,1
wow best application ever,5,2025-05-09,Commercial Bank of Ethiopia,Google Play,positive,1
"Am sorry but what does developer mode do to the application ? hack it ? are you sure you are developer or are you stupid, doesnt makes sense,",1,2025-05-08,Commercial Bank of Ethiopia,Google Play,negative,-1
the pride of Ethiopian bank 🏦,5,2025-05-08,Commercial Bank of Ethiopia,Google Play,positive,1
why the app telling me to turn of developer options please fix it.,1,2025-05-07,Commercial Bank of Ethiopia,Google Play,negative,-1
i am very happy . i have small prob. after i transfer i cant put the transfer cashe bil to my dic.,5,2025-05-07,Commercial Bank of Ethiopia,Google Play,positive,1
amazing apps,5,2025-05-06,Commercial Bank of Ethiopia,Google Play,positive,1
All service of Mobile Banking,5,2025-05-06,Commercial Bank of Ethiopia,Google Play,positive,1
needs improvement,1,2025-05-06,Commercial Bank of Ethiopia,Google Play,negative,-1
i miss the old one i couldn't send my mony to other bank..,1,2025-05-06,Commercial Bank of Ethiopia,Google Play,negative,-1
the app is recently crushing each time you open and try to make transfers...it used to be good. take lessons from the Dashen Super app or ethiotelecom. it is not befitting of your experience and glory. inv3st in making it more friendly and convenient. I am considering leaving CBE for good.,2,2025-05-06,Commercial Bank of Ethiopia,Google Play,negative,-1
good but these week not oky,4,2025-05-06,Commercial Bank of Ethiopia,Google Play,negative,-1
well designed! Fixing bugs & two step verification with biometric... simply it's great!,5,2025-05-06,Commercial Bank of Ethiopia,Google Play,positive,1
If any developer is reading this please fix the screenshot functionality or at least the download button should work flawlessly without me touching it twenty times.,1,2025-05-05,Commercial Bank of Ethiopia,Google Play,negative,-1
"it's a great job.but one more thing, it hasn't been placed for transfer to other banks on face like mobile charge card place",5,2025-05-05,Commercial Bank of Ethiopia,Google Play,positive,1
CBE mobilr bankg,5,2025-05-05,Commercial Bank of Ethiopia,Google Play,positive,1
verygood,3,2025-05-05,Commercial Bank of Ethiopia,Google Play,positive,1
ممتاز جدا,5,2025-05-04,Commercial Bank of Ethiopia,Google Play,negative,-1
it's very low quality application,1,2025-05-04,Commercial Bank of Ethiopia,Google Play,negative,-1
Very Amazing Apps,5,2025-05-04,Commercial Bank of Ethiopia,Google Play,positive,1
አዛ,1,2025-05-04,Commercial Bank of Ethiopia,Google Play,negative,-1
wow simple life,5,2025-05-04,Commercial Bank of Ethiopia,Google Play,positive,1
it's nice,5,2025-05-03,Commercial Bank of Ethiopia,Google Play,positive,1
Why stacked sometimes,5,2025-05-03,Commercial Bank of Ethiopia,Google Play,negative,-1
okay 👍 but sometimes busy,1,2025-05-03,Commercial Bank of Ethiopia,Google Play,negative,-1
the worst commercial company that fails to do even the most normal things again and and again.,1,2025-05-03,Commercial Bank of Ethiopia,Google Play,negative,-1
Very good app. but disappointed by general cessation of system.,5,2025-05-02,Commercial Bank of Ethiopia,Google Play,negative,-1
Good and fast,5,2025-05-02,Commercial Bank of Ethiopia,Google Play,positive,1
Unreliable!,1,2025-05-02,Commercial Bank of Ethiopia,Google Play,negative,-1
Best the best fast,5,2025-05-02,Commercial Bank of Ethiopia,Google Play,positive,1
happy,5,2025-05-02,Commercial Bank of Ethiopia,Google Play,positive,1
fast and reliable,5,2025-05-02,Commercial Bank of Ethiopia,Google Play,positive,1
network errorrrrrr,2,2025-05-02,Commercial Bank of Ethiopia,Google Play,negative,-1
Best app but there is some problem I can't send money to telebirr or mpesa so if you can add that it could be use full,4,2025-05-02,Commercial Bank of Ethiopia,Google Play,negative,-1
its good and simple to use,5,2025-05-02,Commercial Bank of Ethiopia,Google Play,positive,1
worest app like that bank for security and network access,1,2025-05-02,Commercial Bank of Ethiopia,Google Play,negative,-1
it's the best app i,5,2025-05-02,Commercial Bank of Ethiopia,Google Play,positive,1
not bad not good,1,2025-05-02,Commercial Bank of Ethiopia,Google Play,negative,-1
its very nice,5,2025-05-02,Commercial Bank of Ethiopia,Google Play,positive,1
do not work this week,3,2025-04-30,Commercial Bank of Ethiopia,Google Play,negative,-1
It crashes frequently,4,2025-04-30,Commercial Bank of Ethiopia,Google Play,negative,-1
the best,5,2025-04-28,Commercial Bank of Ethiopia,Google Play,positive,1
"I can simply describe this app as ""Making all your work easier"".",5,2025-04-28,Commercial Bank of Ethiopia,Google Play,positive,1
goid,5,2025-04-28,Commercial Bank of Ethiopia,Google Play,negative,-1
best appearance,5,2025-04-27,Commercial Bank of Ethiopia,Google Play,positive,1
it's very good 👍 app,5,2025-04-27,Commercial Bank of Ethiopia,Google Play,positive,1
I need support you,5,2025-04-27,Commercial Bank of Ethiopia,Google Play,negative,-1
the worst Mobile banking i have ever seen in my life,1,2025-04-26,Commercial Bank of Ethiopia,Google Play,negative,-1
super,5,2025-04-26,Commercial Bank of Ethiopia,Google Play,positive,1
ጠጀጨገጀ።ጀገ,5,2025-04-26,Commercial Bank of Ethiopia,Google Play,negative,-1
i like the app,5,2025-04-26,Commercial Bank of Ethiopia,Google Play,positive,1
the Best,1,2025-04-26,Commercial Bank of Ethiopia,Google Play,positive,1
to other bank is bad,1,2025-04-25,Commercial Bank of Ethiopia,Google Play,negative,-1
tank's,5,2025-04-25,Commercial Bank of Ethiopia,Google Play,negative,-1
its good but add more features such like. bank statement showing,5,2025-04-24,Commercial Bank of Ethiopia,Google Play,positive,1
it is so nice,5,2025-04-24,Commercial Bank of Ethiopia,Google Play,positive,1
Very Good👍,5,2025-04-21,Commercial Bank of Ethiopia,Google Play,positive,1
"my first frequent experience of cbe app is critical-time failure such as suspending payment on air for 2-5 days with zero explanation, deducting from sender account without depositing to the receiver act. Another fatal error by the banking company as a whole (not the app itself though) is forced-banking with corporations without consent of employers-users of the corresponding corporations",2,2025-04-21,Commercial Bank of Ethiopia,Google Play,negative,-1
"wow, amazing app",5,2025-04-21,Commercial Bank of Ethiopia,Google Play,positive,1
use ful,5,2025-04-21,Commercial Bank of Ethiopia,Google Play,negative,-1
well app,5,2025-04-20,Commercial Bank of Ethiopia,Google Play,positive,1
Actually it is inactive,4,2025-04-19,Commercial Bank of Ethiopia,Google Play,negative,-1
"slow, only one account is used",2,2025-04-19,Commercial Bank of Ethiopia,Google Play,negative,-1
always CBE is the leading Commercial Bank💪💪💪,5,2025-04-18,Commercial Bank of Ethiopia,Google Play,positive,1
i like it,5,2025-04-18,Commercial Bank of Ethiopia,Google Play,positive,1
why removing screenshot feature why?,1,2025-04-18,Commercial Bank of Ethiopia,Google Play,negative,-1
nice apps where network is good in connection,5,2025-04-18,Commercial Bank of Ethiopia,Google Play,positive,1
Thank you!!!,5,2025-04-18,Commercial Bank of Ethiopia,Google Play,positive,1
i can't take screenshot,1,2025-04-18,Commercial Bank of Ethiopia,Google Play,negative,-1
"every update was made the system better and better until the March 19th, 2025 update, not allowing us to screenshot. you guys didn't understand how much it's a really quick and significant thing. You add extra steps to us, which makes the process draw back",3,2025-04-18,Commercial Bank of Ethiopia,Google Play,negative,-1
perfectly special,5,2025-04-18,Commercial Bank of Ethiopia,Google Play,positive,1
Fast and Reliable,5,2025-04-18,Commercial Bank of Ethiopia,Google Play,positive,1
The best application I have ever seen in Ethiopia banking industry.,5,2025-04-17,Commercial Bank of Ethiopia,Google Play,positive,1
great app!!!,5,2025-04-17,Commercial Bank of Ethiopia,Google Play,positive,1
because sometimes it doesn't working it load too much,3,2025-04-17,Commercial Bank of Ethiopia,Google Play,negative,-1
"Absolutely the best app! It works flawlessly, anytime and anywhere.",5,2025-04-17,Commercial Bank of Ethiopia,Google Play,positive,1
very nice app ever!!!,5,2025-04-16,Commercial Bank of Ethiopia,Google Play,positive,1
the best app,5,2025-04-16,Commercial Bank of Ethiopia,Google Play,positive,1
Biometric security for mobile banking is not available,5,2025-04-16,Commercial Bank of Ethiopia,Google Play,negative,-1
great,5,2025-04-15,Commercial Bank of Ethiopia,Google Play,positive,1
Nice service,5,2025-04-15,Commercial Bank of Ethiopia,Google Play,positive,1
great app,5,2025-04-15,Commercial Bank of Ethiopia,Google Play,positive,1
it's special apps,5,2025-04-15,Commercial Bank of Ethiopia,Google Play,positive,1
"In the updated version of the app, it takes more time to download the receipt.",3,2025-04-15,Commercial Bank of Ethiopia,Google Play,negative,-1
ለምንድነው ትራንዛክሽን ትንሽ ብቻ የሚያሳየው ?,3,2025-04-14,Commercial Bank of Ethiopia,Google Play,negative,-1
Good 🔥,5,2025-04-14,Commercial Bank of Ethiopia,Google Play,positive,1
very interesting app i am using every day fantastic,5,2025-04-14,Commercial Bank of Ethiopia,Google Play,positive,1
lebaa bank,5,2025-04-14,Commercial Bank of Ethiopia,Google Play,negative,-1
Can't scan/recognize other banks' Interoperable QR Codes,1,2025-04-13,Commercial Bank of Ethiopia,Google Play,negative,-1
OK,5,2025-04-13,Commercial Bank of Ethiopia,Google Play,positive,1
grateful app,5,2025-04-13,Commercial Bank of Ethiopia,Google Play,positive,1
100% ❤️❤️❤️🙏🙏🙏🙏🙏🙏🙏🙏🙏🙏🙏🙏🙏🙏🙏🙏,5,2025-04-13,Commercial Bank of Ethiopia,Google Play,positive,1
everthing wellbeok,3,2025-04-13,Commercial Bank of Ethiopia,Google Play,negative,-1
"""This mobile banking app is fast and user-friendly, but the only issue I encountered is that I can't access my bank statement within the app. I kindly request that this feature be added, similar to what is offered by other private bank mobile banking apps.",4,2025-04-13,Commercial Bank of Ethiopia,Google Play,negative,-1
nice app 👌,5,2025-04-12,Commercial Bank of Ethiopia,Google Play,positive,1
why did this app is not screenshot,5,2025-04-12,Commercial Bank of Ethiopia,Google Play,negative,-1
it so good app,5,2025-04-12,Commercial Bank of Ethiopia,Google Play,positive,1
جميل,5,2025-04-11,Commercial Bank of Ethiopia,Google Play,positive,1
"less network, specially to make fee for utility purpose",1,2025-04-11,Commercial Bank of Ethiopia,Google Play,negative,-1
simply for used,4,2025-04-11,Commercial Bank of Ethiopia,Google Play,negative,-1
wow keep up,5,2025-04-10,Commercial Bank of Ethiopia,Google Play,positive,1
its great app but when updating we can't take screen shot please try to fix it,3,2025-04-10,Commercial Bank of Ethiopia,Google Play,negative,-1
good one,5,2025-04-10,Commercial Bank of Ethiopia,Google Play,positive,1
everything is easy thank you cebe,5,2025-04-10,Commercial Bank of Ethiopia,Google Play,positive,1
ፈጣን ቀልጣፋ,5,2025-04-10,Commercial Bank of Ethiopia,Google Play,negative,-1
ጎበዝ,5,2025-04-09,Commercial Bank of Ethiopia,Google Play,negative,-1
but this app says can't sync,5,2025-04-09,Commercial Bank of Ethiopia,Google Play,negative,-1
waw,5,2025-04-09,Commercial Bank of Ethiopia,Google Play,negative,-1
to slow,3,2025-04-09,Commercial Bank of Ethiopia,Google Play,negative,-1
work on screen shot system,4,2025-04-08,Commercial Bank of Ethiopia,Google Play,negative,-1
very very nice aplication,1,2025-04-08,Commercial Bank of Ethiopia,Google Play,positive,1
wonder full and it is easy to use,5,2025-04-08,Commercial Bank of Ethiopia,Google Play,positive,1
easy and reliable,2,2025-04-08,Commercial Bank of Ethiopia,Google Play,positive,1
it is Very Useful app 👍,5,2025-04-07,Commercial Bank of Ethiopia,Google Play,positive,1
perfect app,5,2025-04-07,Commercial Bank of Ethiopia,Google Play,positive,1
I like it.,5,2025-04-07,Commercial Bank of Ethiopia,Google Play,positive,1
bugs,3,2025-04-07,Commercial Bank of Ethiopia,Google Play,negative,-1
commerial Bank,5,2025-04-06,Commercial Bank of Ethiopia,Google Play,negative,-1
Genat biru,2,2025-04-06,Commercial Bank of Ethiopia,Google Play,negative,-1
it is good but it doesn't allow screen shot,4,2025-04-06,Commercial Bank of Ethiopia,Google Play,positive,1
the best one,5,2025-04-06,Commercial Bank of Ethiopia,Google Play,positive,1
You need to copy many things from other bank apps like Amole(Dashen),2,2025-04-06,Commercial Bank of Ethiopia,Google Play,negative,-1
bring back the screenshot feature.,1,2025-04-05,Commercial Bank of Ethiopia,Google Play,positive,1
Good!👍,3,2025-04-05,Commercial Bank of Ethiopia,Google Play,positive,1
best app to experience him that to smooth transaction among the customers,1,2025-04-05,Commercial Bank of Ethiopia,Google Play,positive,1
nice app suitable to use it. the only weak side is it need data connections and hoping will be fixed to offline i gave 4 rate,4,2025-04-05,Commercial Bank of Ethiopia,Google Play,negative,-1
easy to use,5,2025-04-05,Commercial Bank of Ethiopia,Google Play,positive,1
"Good job to the CBE team on this mobile app! It's designed in a way that's simple and intuitive to navigate, which is great for everyone. It effectively handles the essential banking tasks I need to perform regularly. It's a practical and reliable tool that makes everyday banking much more convenient. Thank you for this useful application.",5,2025-04-04,Commercial Bank of Ethiopia,Google Play,positive,1
ለኔ በጣም ምርጥ ነው ግን screenshot ማረግ ቢቻል ምርጥ ነበር,5,2025-04-04,Commercial Bank of Ethiopia,Google Play,negative,-1
before it was smooth and good. this time after the new update in 2025 i can not make screenshot of my recite. even the downlod button is very delayed in putting my recite in my gallery for simple proof. please fix this i am unable to show proof of payment to my clients. thankyou.,3,2025-04-04,Commercial Bank of Ethiopia,Google Play,negative,-1
cool ❤,4,2025-04-04,Commercial Bank of Ethiopia,Google Play,positive,1
best banking App,4,2025-04-03,Commercial Bank of Ethiopia,Google Play,positive,1
satisfied,5,2025-04-03,Commercial Bank of Ethiopia,Google Play,positive,1
this app is very necessary app many people found it,5,2025-04-03,Commercial Bank of Ethiopia,Google Play,positive,1
cbe very active Bank I'm using CBE app very very satisfaction,5,2025-04-03,Commercial Bank of Ethiopia,Google Play,positive,1
It made life alot easier. I cant even imagine having to make all those transactions in person. So this app was crucial for me. Very good app. well done.,5,2025-04-03,Commercial Bank of Ethiopia,Google Play,positive,1
perfect,5,2025-04-03,Commercial Bank of Ethiopia,Google Play,positive,1
thankyou,5,2025-04-02,Commercial Bank of Ethiopia,Google Play,positive,1
I Like it,5,2025-04-02,Commercial Bank of Ethiopia,Google Play,positive,1
"I don't understand the reason, why I need to disable developer options to access the app, it has no security risks nor does it hinder the app's functionalities. This goes out to the dev, I hope your life is filled with inconveniences.",1,2025-04-02,Commercial Bank of Ethiopia,Google Play,negative,-1
smart app,5,2025-04-02,Commercial Bank of Ethiopia,Google Play,positive,1
isin ga'a,2,2025-04-02,Commercial Bank of Ethiopia,Google Play,positive,1
it's great,5,2025-04-02,Commercial Bank of Ethiopia,Google Play,positive,1
very good app and stars faction with work,5,2025-04-02,Commercial Bank of Ethiopia,Google Play,positive,1
It is excelent,5,2025-04-01,Commercial Bank of Ethiopia,Google Play,positive,1
Smart,5,2025-04-01,Commercial Bank of Ethiopia,Google Play,positive,1
በየወሩ አፕደት እየጠየቀኝ ነው ለነገሩ ብር ስሌለኝ ይሆናል እና ምን ለማለት ፈልገ መሰላቹ ወላህ ቼግሮኛል 🥺🥺🥺,3,2025-04-01,Commercial Bank of Ethiopia,Google Play,negative,-1
very interesting app,5,2025-04-01,Commercial Bank of Ethiopia,Google Play,positive,1
wow.......cbe.....keep it up.....!!!!!!,5,2025-04-01,Commercial Bank of Ethiopia,Google Play,positive,1
ጊዜን ቆጣቢ እና ህይወትን ቀለል ከሚያደርጉ ኢትዬጲያ ካሉ ፋይናንስ አፕልኬሽኖች ሁሉ ይሄ ይለያል,5,2025-04-01,Commercial Bank of Ethiopia,Google Play,negative,-1
Excellent🙏app,5,2025-04-01,Commercial Bank of Ethiopia,Google Play,negative,-1
the most useful,5,2025-04-01,Commercial Bank of Ethiopia,Google Play,positive,1
I am more satisfied in this app . More sure you have to secure.,4,2025-04-01,Commercial Bank of Ethiopia,Google Play,positive,1
Easy to use,5,2025-04-01,Commercial Bank of Ethiopia,Google Play,positive,1
"very good, but sometimes NUR CBE comes without my consent. even if I choose locked, it appears",4,2025-04-01,Commercial Bank of Ethiopia,Google Play,negative,-1
Excellent !!!,5,2025-04-01,Commercial Bank of Ethiopia,Google Play,positive,1
always we relay on,5,2025-04-01,Commercial Bank of Ethiopia,Google Play,positive,1
I'm lucky to have this🙏 thank you CBE.,5,2025-04-01,Commercial Bank of Ethiopia,Google Play,positive,1
it's need more improvement like Tellbirr.,4,2025-04-01,Commercial Bank of Ethiopia,Google Play,negative,-1
goode app,5,2025-04-01,Commercial Bank of Ethiopia,Google Play,positive,1
a very nice app.👍👍👍,5,2025-04-01,Commercial Bank of Ethiopia,Google Play,positive,1
safe easy & fast,5,2025-04-01,Commercial Bank of Ethiopia,Google Play,positive,1
It is veary useful app but screen shout was impossible .solve this problem,5,2025-04-01,Commercial Bank of Ethiopia,Google Play,negative,-1
ጥሩ ነው,5,2025-04-01,Commercial Bank of Ethiopia,Google Play,negative,-1
እጅግ በጣም ጥሩ አፕ,5,2025-04-01,Commercial Bank of Ethiopia,Google Play,negative,-1
በጣም ሃሪፍ ነው ግን ብር በሚተላለፍበት ወቅት ተቀንሷል ይላል እላፊ መልክቱ ይደርሳል ግን አይቀንስም,5,2025-04-01,Commercial Bank of Ethiopia,Google Play,negative,-1
suitable app,4,2025-04-01,Commercial Bank of Ethiopia,Google Play,positive,1
Dear cbe this app is not comparable with 21century and pls try to solve it.💀💀💀,1,2025-04-01,Commercial Bank of Ethiopia,Google Play,negative,-1
best transaction method of financial,5,2025-04-01,Commercial Bank of Ethiopia,Google Play,positive,1
#CBE is Now going to on the right Pathway/track/!! Thank you CBE one step ahead on payment platform app!!,5,2025-04-01,Commercial Bank of Ethiopia,Google Play,positive,1
It literarily don't work at all,4,2025-04-01,Commercial Bank of Ethiopia,Google Play,negative,-1
good give us plus,5,2025-04-01,Commercial Bank of Ethiopia,Google Play,positive,1
"Very good application. However, I have one functionality recommendation. What if you let the app transfer money to any telebirr account as for MPESA? By the way, I am not the only one to ask this. Thank you!",4,2025-04-01,Commercial Bank of Ethiopia,Google Play,positive,1
before update it was able to screenshot while after update I can't able to screenshot the transfere details,4,2025-04-01,Commercial Bank of Ethiopia,Google Play,negative,-1
Tnc Cbe,5,2025-04-01,Commercial Bank of Ethiopia,Google Play,positive,1
it is good app. But you have integrate cbe with cbe birr. to allow cardless withdrawal directly from our accout!,4,2025-03-31,Commercial Bank of Ethiopia,Google Play,negative,-1
great apps,5,2025-03-31,Commercial Bank of Ethiopia,Google Play,positive,1
Great app!,4,2025-03-31,Commercial Bank of Ethiopia,Google Play,positive,1
CBE,5,2025-03-31,Commercial Bank of Ethiopia,Google Play,positive,1
very good 👍 👏,5,2025-03-31,Commercial Bank of Ethiopia,Google Play,positive,1
great when it works,5,2025-03-31,Commercial Bank of Ethiopia,Google Play,positive,1
"the app is very good, but why screenshots is impossible?",5,2025-03-31,Commercial Bank of Ethiopia,Google Play,negative,-1
excellent match application,5,2025-03-31,Commercial Bank of Ethiopia,Google Play,positive,1
The Best app😍😍😍,5,2025-03-31,Commercial Bank of Ethiopia,Google Play,positive,1
easy to use and user friendly,5,2025-03-31,Commercial Bank of Ethiopia,Google Play,positive,1
very nice,5,2025-03-31,Commercial Bank of Ethiopia,Google Play,positive,1
አሪፍ ነው በተለይ የአሻራ ደህነቱ መረጋገጡ ተመችቶኛል,3,2025-03-31,Commercial Bank of Ethiopia,Google Play,negative,-1
well software,5,2025-03-31,Commercial Bank of Ethiopia,Google Play,positive,1
ጥሩ ነው አንዳንዴ ስታክ ቢያደርግም,4,2025-03-31,Commercial Bank of Ethiopia,Google Play,negative,-1
CBE very good apps,5,2025-03-31,Commercial Bank of Ethiopia,Google Play,positive,1
"This application fast, secure and more convenient. Thanks CBE",5,2025-03-31,Commercial Bank of Ethiopia,Google Play,positive,1
it's best,5,2025-03-31,Commercial Bank of Ethiopia,Google Play,positive,1
Why didn't you display cash transactions and bank statement in the mobile banking app?,4,2025-03-31,Commercial Bank of Ethiopia,Google Play,negative,-1
Amazing app,5,2025-03-31,Commercial Bank of Ethiopia,Google Play,positive,1
our legitimate bank,4,2025-03-31,Commercial Bank of Ethiopia,Google Play,positive,1
Ever and never seen this kind of app I proud my CBE,5,2025-03-31,Commercial Bank of Ethiopia,Google Play,positive,1
very good and safe for me!,5,2025-03-31,Commercial Bank of Ethiopia,Google Play,positive,1
it is best bank,5,2025-03-31,Commercial Bank of Ethiopia,Google Play,positive,1
"very good, but sometimes....",4,2025-03-31,Commercial Bank of Ethiopia,Google Play,positive,1
ከአንድ መስሪያ ቤት ወይም ድርጅት ወይም ግለሰብ በርከት ላለ ሰው ሲላክ የላኪውን መስሪያ ቤት ወይም ድርጅት ወይም ግለሰብ እንዲያሳይ አታደርጉም ? ግለሰብ ለግለሰብ ወይም ለድርጅት ሲከፍል ያሳያል ።,5,2025-03-31,Commercial Bank of Ethiopia,Google Play,negative,-1
Why not allowed to pay for fuel?,4,2025-03-31,Commercial Bank of Ethiopia,Google Play,negative,-1
Really! this app is more simple to use at any time in every where also it's transaction quality between the users within the transaction receipt as abank that means this app is our bank on hand in mobile frankly I proud on this bank digital. I have no word to wrote ...... but it's have weakness on poor connection.,5,2025-03-31,Commercial Bank of Ethiopia,Google Play,negative,-1
ቆንጆ ነው,5,2025-03-31,Commercial Bank of Ethiopia,Google Play,negative,-1
Great version,5,2025-03-31,Commercial Bank of Ethiopia,Google Play,positive,1
Good and easy to use,5,2025-03-31,Commercial Bank of Ethiopia,Google Play,positive,1
nice app and fast money transfer,5,2025-03-31,Commercial Bank of Ethiopia,Google Play,positive,1
Really automated...,5,2025-03-31,Commercial Bank of Ethiopia,Google Play,positive,1
good App,5,2025-03-31,Commercial Bank of Ethiopia,Google Play,positive,1
bek betam kelal,5,2025-03-31,Commercial Bank of Ethiopia,Google Play,positive,1
ምርጥ አፕ ነው ተመችቶኛል❤❤,3,2025-03-31,Commercial Bank of Ethiopia,Google Play,negative,-1
Recently app keeps closing and the notification after says this app has a bug. Can you make an update please,4,2025-03-31,Commercial Bank of Ethiopia,Google Play,negative,-1
"very good, keep it up",5,2025-03-31,Commercial Bank of Ethiopia,Google Play,positive,1
there is some issue the process it delay,3,2025-03-31,Commercial Bank of Ethiopia,Google Play,negative,-1
what an amazing application in Ethiopian Banking industry which is very interested one!,5,2025-03-31,Commercial Bank of Ethiopia,Google Play,positive,1
interesting,3,2025-03-30,Commercial Bank of Ethiopia,Google Play,positive,1
simple&fast!!!,5,2025-03-30,Commercial Bank of Ethiopia,Google Play,positive,1
it is very good app,5,2025-03-30,Commercial Bank of Ethiopia,Google Play,positive,1
It is very excellent anddynamic plus user friend all in one bank apps of the era. I loved it.,5,2025-03-30,Commercial Bank of Ethiopia,Google Play,positive,1
Very God thanks,5,2025-03-30,Commercial Bank of Ethiopia,Google Play,positive,1
The sum is good.,3,2025-03-30,Commercial Bank of Ethiopia,Google Play,positive,1
best of bests,5,2025-03-30,Commercial Bank of Ethiopia,Google Play,positive,1
am happy thank you CBE🫡,5,2025-03-30,Commercial Bank of Ethiopia,Google Play,positive,1
it's very nice 👍.,5,2025-03-30,Commercial Bank of Ethiopia,Google Play,positive,1
"The history sometimes misses transactions, tranfer to cbe birr debited but not really transferred, We need to really cop up with the world for real. The hacks and security problems, invest on and solve them.",3,2025-03-30,Commercial Bank of Ethiopia,Google Play,negative,-1
halan garidhaa cbe,5,2025-03-30,Commercial Bank of Ethiopia,Google Play,positive,1
best apps for useing,5,2025-03-30,Commercial Bank of Ethiopia,Google Play,positive,1
like it,5,2025-03-29,Commercial Bank of Ethiopia,Google Play,positive,1
Good apps ...But fix the screenshot its not easy like before ......,5,2025-03-29,Commercial Bank of Ethiopia,Google Play,negative,-1
l love it,5,2025-03-29,Commercial Bank of Ethiopia,Google Play,positive,1
"I am not exaggerating when I say that this application is one of the biggest players in the banking industry. It has simplified a lot of things for the user, even if the bank is in his pocket. But my opinion is (1), when we transfer money, there is a word limit on the (Note) at the end. Why can't we write our reason briefly? I don't understand why it is limited. On the other hand, there is no limit on the bank. Could you explain this? (2), when we pay for water, why is the code not mentioned",5,2025-03-29,Commercial Bank of Ethiopia,Google Play,negative,-1
in this update why screenshoot is disabled now it's not working,1,2025-03-28,Commercial Bank of Ethiopia,Google Play,negative,-1
"realy I donot seen like this application ! fast ,safe ande confortable",5,2025-03-28,Commercial Bank of Ethiopia,Google Play,positive,1
Excellent but needed upgrading!,5,2025-03-28,Commercial Bank of Ethiopia,Google Play,positive,1
goods app!! pleace update this apps??,4,2025-03-28,Commercial Bank of Ethiopia,Google Play,negative,-1
"The latest update prevents taking screenshots, which is really annoying! please allow us to take screenshots! we need it for evidence (particularly, in case of transfer failure!).",1,2025-03-27,Commercial Bank of Ethiopia,Google Play,negative,-1
Fantastic app! I appreciate it very much,5,2025-03-27,Commercial Bank of Ethiopia,Google Play,positive,1
Convenient app,5,2025-03-27,Commercial Bank of Ethiopia,Google Play,positive,1
Doesn't work properly. It crashes some many times. commercial bank of Ethiopia not only the application but also sending money to own CBE birr doesn't get your money in your bank account. forcefully you must wait 3-5 days to get your money back to your account. walk up CBE the world is going to decentralized finance.,1,2025-03-26,Commercial Bank of Ethiopia,Google Play,negative,-1
It crashes multiple times everytime you launch it. Fix it. Edit: crash fixed but screenshots has been disabled. I don't know who thought this was a good idea.,1,2025-03-26,Commercial Bank of Ethiopia,Google Play,negative,-1
why why u remove screen shoot😡😡,2,2025-03-26,Commercial Bank of Ethiopia,Google Play,negative,-1
"I fails mid transaction, No screenshot, download don't work, link shared not working bring back the old app this is usless",1,2025-03-26,Commercial Bank of Ethiopia,Google Play,negative,-1
very nice one,5,2025-03-26,Commercial Bank of Ethiopia,Google Play,positive,1
problem solver and the best fast app,5,2025-03-25,Commercial Bank of Ethiopia,Google Play,positive,1
ምርጥ አፕሊከሽን ነው ገንዘብ ለመላክም ሆነ ለማንኛውም ነገር ተመችቶኛል በዚው ቀጥሉበት,5,2025-03-25,Commercial Bank of Ethiopia,Google Play,negative,-1
Please bring back the screenshot option. The screenshot download option takes like 15 second appear in gallery and most people don't know about it.,3,2025-03-25,Commercial Bank of Ethiopia,Google Play,negative,-1
you must added dark mode options ❗,3,2025-03-25,Commercial Bank of Ethiopia,Google Play,negative,-1
cbe,5,2025-03-25,Commercial Bank of Ethiopia,Google Play,positive,1
ممتاز جدا جدا,5,2025-03-24,Commercial Bank of Ethiopia,Google Play,negative,-1
very nice and convenient app,5,2025-03-24,Commercial Bank of Ethiopia,Google Play,positive,1
there are to many bugs app keeps crashi ng and the update file seems to keep getting worse,2,2025-03-24,Commercial Bank of Ethiopia,Google Play,negative,-1
Great experience so far but why this app ain't working while developer mode is on?,4,2025-03-24,Commercial Bank of Ethiopia,Google Play,negative,-1
why did the screen shot stopped ?????,3,2025-03-24,Commercial Bank of Ethiopia,Google Play,negative,-1
it's genuine app..,5,2025-03-24,Commercial Bank of Ethiopia,Google Play,positive,1
okay 👌👍,5,2025-03-24,Commercial Bank of Ethiopia,Google Play,positive,1
it's a very good application but sometimes it takes a long time to synchronize,4,2025-03-23,Commercial Bank of Ethiopia,Google Play,negative,-1
commercial dank...,5,2025-03-23,Commercial Bank of Ethiopia,Google Play,negative,-1
it's very good,5,2025-03-23,Commercial Bank of Ethiopia,Google Play,positive,1
to getting money,5,2025-03-23,Commercial Bank of Ethiopia,Google Play,positive,1
some times it is difficult to get reciepts for the payment made,1,2025-03-23,Commercial Bank of Ethiopia,Google Play,negative,-1
this app is best,1,2025-03-23,Commercial Bank of Ethiopia,Google Play,positive,1
it's very useful,5,2025-03-23,Commercial Bank of Ethiopia,Google Play,positive,1
best app and update more features *****,5,2025-03-23,Commercial Bank of Ethiopia,Google Play,positive,1
best app for this vast digital finanical word,5,2025-03-23,Commercial Bank of Ethiopia,Google Play,positive,1
this app is my favorite application,5,2025-03-23,Commercial Bank of Ethiopia,Google Play,positive,1
Hooo I love this application,5,2025-03-22,Commercial Bank of Ethiopia,Google Play,positive,1
The app protects me from screenshot after update. Please make revision on the app.,4,2025-03-22,Commercial Bank of Ethiopia,Google Play,positive,1
Screenshot or slip not working,2,2025-03-22,Commercial Bank of Ethiopia,Google Play,negative,-1
thank you for help,5,2025-03-22,Commercial Bank of Ethiopia,Google Play,positive,1
I'm sad guys what are you doing? Why did you add the screenshot restriction to the app? You just made it worse it was a great value to us. You need to rethink it. i will change the 1 star rating when you resolve the issue.,1,2025-03-22,Commercial Bank of Ethiopia,Google Play,negative,-1
Thise is helpfull and have good and easy for mobile money usage in ethiopia,5,2025-03-22,Commercial Bank of Ethiopia,Google Play,positive,1
good app.,5,2025-03-22,Commercial Bank of Ethiopia,Google Play,positive,1
"Old version was very friendly to use. Now we can't see the #Reason The #transaction history (very limited) and now it crash every time it's opened. More over, the last update prevents us from taking #screenshots. Thanks for the developers as they are getting more stupid than ever.",1,2025-03-21,Commercial Bank of Ethiopia,Google Play,negative,-1
Since last week this app has started not working. It simply log in without network but can't sync. Please fix it.,5,2025-03-21,Commercial Bank of Ethiopia,Google Play,negative,-1
amazing👌🫶🙏,5,2025-03-21,Commercial Bank of Ethiopia,Google Play,negative,-1
What an absolutely terrible update. No screenshots and you still have this stupid restriction on developer options. WHAT ABOUT THOSE OF US WHO ARE ACTUALLY DEVELOPERS!!!!!! At this point telebirr just wins the game 100%. CBE. Do. Better!,1,2025-03-21,Commercial Bank of Ethiopia,Google Play,positive,1
Wow its my in,5,2025-03-21,Commercial Bank of Ethiopia,Google Play,positive,1
In the lasted update you removed the capability to screenshot transactions.,3,2025-03-21,Commercial Bank of Ethiopia,Google Play,negative,-1
how do you disable screenshots on a banking app you are very unserious people,1,2025-03-21,Commercial Bank of Ethiopia,Google Play,negative,-1
no screenshot and biometrics on this version wtfk?,3,2025-03-21,Commercial Bank of Ethiopia,Google Play,negative,-1
"Not Good, too lame to use",1,2025-03-21,Commercial Bank of Ethiopia,Google Play,negative,-1
ረዘም ላለ ግዜ እየተጠቀምኩት ነው ይህን መተግበሪያ ጥሩ ነው ነገር ግን አንዳንድ ችግሮች አሉበት 1ኛ የከፈልኩበትን ደረሰኝ በግዜው ከልወሰድኩ ከሰላሳ ትራንዛክሽን በኅላ መልሼ ከዚህ በፊት የተገበያየውበትን ማግኘት አልችልም ልክ እንደ ሌሎች ባንኮች ምሳሌ (አቢሲኒያ አዋሽ..) ሌላው ብር ለመላክ አስቤ እልካለው ግን አካውንቴ ላይ ለተወሰነ ደቂቃ ከአካውንት ሰይቀንስ ይቆይና ያልገባ መስሎኝ ድጋሜ እልካለው ሁለት ግዜ ሰው ጋ ይገባና ሌላ ችግር ውስጥ መግባት ይህኛው በጣም ትኩረት ሊሰጠው የሚገባ ጉዳይ ነው ሌሎችንም ስህተቶችን ማንሳት ይቻላል ዋናውን ላንሳ ብዬ ነው እንጂ developerሮች በርቱ በየ ግዜው የሚሰጣችሁን feedback ተቀበሉ አሻሽሉት,3,2025-03-20,Commercial Bank of Ethiopia,Google Play,negative,-1
CBE app is great,5,2025-03-20,Commercial Bank of Ethiopia,Google Play,positive,1
zaku,5,2025-03-20,Commercial Bank of Ethiopia,Google Play,positive,1
its good and saving time,5,2025-03-20,Commercial Bank of Ethiopia,Google Play,positive,1
"this new update(Mar 19,2025) is great in fixing bugs, stability and smooth experience I'll give u that but it came with a big shortcoming which is not allowing to take screenshot. I can't screenshot neither my balance nor the transaction or anything within the app, i understand it's for security reasons but please bring that back, allow us to take screenshot we need that. Thanks.",4,2025-03-20,Commercial Bank of Ethiopia,Google Play,negative,-1
"what went wrong, I couldn't take a screenshot.",3,2025-03-20,Commercial Bank of Ethiopia,Google Play,negative,-1
full,5,2025-03-20,Commercial Bank of Ethiopia,Google Play,positive,1
App is crushing recently. Please update.,4,2025-03-20,Commercial Bank of Ethiopia,Google Play,negative,-1
It is good but why screenshot is forbidden,4,2025-03-20,Commercial Bank of Ethiopia,Google Play,negative,-1
Taking away the screenshot of the receipt is just silly. Worse is tbe download button putting a copy of the screenshot - which you prevented to be taken - in tbe downloads folder where we cant attach directly from Whatsapp. Millions of people use the screenshot as proof of payment / transfer yet you make that harder for everyone? I have every user contacts the developer or manager who made this awful decision.,1,2025-03-20,Commercial Bank of Ethiopia,Google Play,negative,-1
very good app,5,2025-03-20,Commercial Bank of Ethiopia,Google Play,positive,1
New update version 5.0.9 keeps crashing it needs maintenance,3,2025-03-19,Commercial Bank of Ethiopia,Google Play,negative,-1
the update is unneeded,1,2025-03-19,Commercial Bank of Ethiopia,Google Play,negative,-1
Reliable bank,5,2025-03-19,Commercial Bank of Ethiopia,Google Play,positive,1
as if the update of march 19 i can't take a screenshot in the app. i can just save it as file and that is so annoying. i used to save all screenshot in my gallery in one folder now with the extra steps added i have to save the file go to file and then screenshot it. the solution is to allow the screenshot to be save in to gallery automatically. i wish you give this review attention and resolve the issue shortly.,2,2025-03-19,Commercial Bank of Ethiopia,Google Play,negative,-1
it is good app but when I make inter bank transaction It can't display The receiver account number and name of receiver and also receiver bank,4,2025-03-19,Commercial Bank of Ethiopia,Google Play,negative,-1
ጥሩነዉ።,5,2025-03-19,Commercial Bank of Ethiopia,Google Play,negative,-1
It was nice but now it dose not opened the transactions,5,2025-03-18,Commercial Bank of Ethiopia,Google Play,negative,-1
ኧረ ውረድ,5,2025-03-18,Commercial Bank of Ethiopia,Google Play,negative,-1
simple to use,5,2025-03-17,Commercial Bank of Ethiopia,Google Play,positive,1
The apps is good to use,5,2025-03-17,Commercial Bank of Ethiopia,Google Play,positive,1
It's best app but Please add(included) payment of water bill,4,2025-03-17,Commercial Bank of Ethiopia,Google Play,positive,1
the app has a bug and it keeps crashing 😑 please provide an update and fix the issue thank you....,3,2025-03-17,Commercial Bank of Ethiopia,Google Play,negative,-1
This is my favorite App,5,2025-03-17,Commercial Bank of Ethiopia,Google Play,positive,1
CBE i like,5,2025-03-16,Commercial Bank of Ethiopia,Google Play,positive,1
1.we can't get mobile Token on CBE App or any other online. This is need to improve 2.internet banking is always say authenticate error after some weeks this is need to improve.,4,2025-03-16,Commercial Bank of Ethiopia,Google Play,negative,-1
excellent app for account transaction specially for bussiness customers and a good method to pay bills and different personal payment.,5,2025-03-15,Commercial Bank of Ethiopia,Google Play,positive,1
የሚገርም አፕ ተመችቶኛል 🙏❤,5,2025-03-14,Commercial Bank of Ethiopia,Google Play,negative,-1
"The app has brought a new problem. When i open the app, it closes itself then i have to open it again. Please fix this issue if it's your problem",3,2025-03-14,Commercial Bank of Ethiopia,Google Play,negative,-1
በጣም ጥሩ አፕልኬሽን ነው,2,2025-03-14,Commercial Bank of Ethiopia,Google Play,negative,-1
"In my view, I can't give any conclusion because it's the starting of an online banking in my country. However, the commercial bank of ethiopia must rebuild this app and also need to make more access to changing the system. Keep continuing ethiopia 🇪🇹 🇪🇹🇪🇹🇪🇹",5,2025-03-14,Commercial Bank of Ethiopia,Google Play,negative,-1
Very attractive and user-friendly,5,2025-03-13,Commercial Bank of Ethiopia,Google Play,positive,1
Good apps,5,2025-03-13,Commercial Bank of Ethiopia,Google Play,positive,1
My special app and my proud bank of Ethiopia.,5,2025-03-13,Commercial Bank of Ethiopia,Google Play,positive,1
The app need update it always crash,1,2025-03-13,Commercial Bank of Ethiopia,Google Play,negative,-1
It is very comfortable and simple to use!!! But whay standing order is not work?,5,2025-03-13,Commercial Bank of Ethiopia,Google Play,negative,-1
"One of the best apps I have used ,",5,2025-03-13,Commercial Bank of Ethiopia,Google Play,positive,1
Asela,1,2025-03-13,Commercial Bank of Ethiopia,Google Play,positive,1
I am appreciate this app,5,2025-03-13,Commercial Bank of Ethiopia,Google Play,positive,1
I'm very happy using this app. Thanks to developers.,5,2025-03-12,Commercial Bank of Ethiopia,Google Play,positive,1
CBE birr app is my best choice.,5,2025-03-12,Commercial Bank of Ethiopia,Google Play,positive,1
Exceptional/incredible,5,2025-03-12,Commercial Bank of Ethiopia,Google Play,positive,1
Joyful app,5,2025-03-11,Commercial Bank of Ethiopia,Google Play,positive,1
Unstatisfied with the new update keeps crashing every now and then and even though i haven't reached the max txn per day still refuses to transfer...probably going to change my bank if it's not fixed asap,1,2025-03-10,Commercial Bank of Ethiopia,Google Play,negative,-1
It is one of the disappointed Bank you don't suppose to include Ethiopian on your name you don't deserve it.,1,2025-03-10,Commercial Bank of Ethiopia,Google Play,negative,-1
Simple and easy to use,5,2025-03-10,Commercial Bank of Ethiopia,Google Play,positive,1
it's not good app,5,2025-03-10,Commercial Bank of Ethiopia,Google Play,negative,-1
"I have been using CBE App for long, but recently it has started crashing repeatedly and even my phone is reporting that the app has bugs and tells me to wait the developer to fix these bugs.",1,2025-03-09,Commercial Bank of Ethiopia,Google Play,negative,-1
The great app CBE,5,2025-03-09,Commercial Bank of Ethiopia,Google Play,positive,1
Why it asks me Update repeatedly as soon as I download it !!,1,2025-03-09,Commercial Bank of Ethiopia,Google Play,negative,-1
Commercial Bnk Rate this,5,2025-03-08,Commercial Bank of Ethiopia,Google Play,negative,-1
ዋው,5,2025-03-08,Commercial Bank of Ethiopia,Google Play,negative,-1
It is good for many aspect. If I can get transactions report with time duration(periodically),3,2025-03-07,Commercial Bank of Ethiopia,Google Play,positive,1
its so excellent app,5,2025-03-07,Commercial Bank of Ethiopia,Google Play,positive,1
Due to connection problem,1,2025-03-07,Commercial Bank of Ethiopia,Google Play,negative,-1
Best performing app,5,2025-03-07,Commercial Bank of Ethiopia,Google Play,positive,1
Best banck in Ethiopia,5,2025-03-06,Commercial Bank of Ethiopia,Google Play,positive,1
Two step verification update is fake (meaningless). Why because the app gives you an option of to use pin while requesting two step verification step. 🔐 This updated app is not differ than the previous one in case of security & safegaurding users.👹👹💀💀 The other features of the app are best and easy to use it.⭐️⭐️⭐️⭐️⭐️,1,2025-03-06,Commercial Bank of Ethiopia,Google Play,negative,-1
Tashoo damisee,4,2025-03-05,Commercial Bank of Ethiopia,Google Play,negative,-1
Why don't install,5,2025-03-05,Commercial Bank of Ethiopia,Google Play,negative,-1
I'm glad to use it.,5,2025-03-05,Commercial Bank of Ethiopia,Google Play,positive,1
Very good thank you,5,2025-03-04,Commercial Bank of Ethiopia,Google Play,positive,1
it's not working good,5,2025-03-04,Commercial Bank of Ethiopia,Google Play,negative,-1
Best service,5,2025-03-04,Commercial Bank of Ethiopia,Google Play,positive,1
Best best,5,2025-03-04,Commercial Bank of Ethiopia,Google Play,positive,1
I have been a customer of the Commercial Bank of Ethiopia for many years,5,2025-03-03,Commercial Bank of Ethiopia,Google Play,positive,1
"We need this app to work properly, and it looks like an outdated",2,2025-03-03,Commercial Bank of Ethiopia,Google Play,negative,-1
አሊሳራኝ ም,5,2025-03-03,Commercial Bank of Ethiopia,Google Play,negative,-1
The app crashes too many times. It's a buggy app,1,2025-03-03,Commercial Bank of Ethiopia,Google Play,negative,-1
Best App,5,2025-03-03,Commercial Bank of Ethiopia,Google Play,positive,1
Thankz,5,2025-03-02,Commercial Bank of Ethiopia,Google Play,positive,1
Verry good it is easy to use anything,5,2025-03-01,Commercial Bank of Ethiopia,Google Play,positive,1
Its gopd,5,2025-03-01,Commercial Bank of Ethiopia,Google Play,positive,1
system problem,4,2025-03-01,Commercial Bank of Ethiopia,Google Play,negative,-1
So slow with Internet,1,2025-03-01,Commercial Bank of Ethiopia,Google Play,negative,-1
I phone app is not working,2,2025-03-01,Commercial Bank of Ethiopia,Google Play,negative,-1
Sometimes it dosent work,4,2025-03-01,Commercial Bank of Ethiopia,Google Play,negative,-1
It's very useful Apps,5,2025-03-01,Commercial Bank of Ethiopia,Google Play,positive,1
It is better app,5,2025-03-01,Commercial Bank of Ethiopia,Google Play,positive,1
Good work very important,5,2025-03-01,Commercial Bank of Ethiopia,Google Play,positive,1
It is exlent app it is helful,5,2025-02-28,Commercial Bank of Ethiopia,Google Play,positive,1
Best app I like,5,2025-02-28,Commercial Bank of Ethiopia,Google Play,positive,1
It don't work,1,2025-02-28,Commercial Bank of Ethiopia,Google Play,negative,-1
Bad security 🔓,2,2025-02-28,Commercial Bank of Ethiopia,Google Play,negative,-1
"It's a shame,it can't performe well,you guys can't even fix a bug, It's getting unusable, shame shame shame 😡",1,2025-02-28,Commercial Bank of Ethiopia,Google Play,negative,-1
Easy to Use and Effecent System.,5,2025-02-28,Commercial Bank of Ethiopia,Google Play,negative,-1
የሞባይል ባንኪንጋችሁ ግብይትን ቀለል ያደርጋል,5,2025-02-28,Commercial Bank of Ethiopia,Google Play,negative,-1
It is good but i can not install the app why? And the other one is it is better to show the earliest transactions for instanse before 30 days ago,3,2025-02-27,Commercial Bank of Ethiopia,Google Play,negative,-1
Sometimes it does not.work,3,2025-02-27,Commercial Bank of Ethiopia,Google Play,negative,-1
"I have been using the App since it is first released and it has been nice, but the latest Update are very worse the app crashes frequently and drains battery highly.",3,2025-02-27,Commercial Bank of Ethiopia,Google Play,negative,-1
Commercial bank and it's mobile banking is very good,5,2025-02-27,Commercial Bank of Ethiopia,Google Play,positive,1
Good very good,5,2025-02-27,Commercial Bank of Ethiopia,Google Play,positive,1
Friendly mobile banking application,5,2025-02-27,Commercial Bank of Ethiopia,Google Play,positive,1
Vary good,5,2025-02-27,Commercial Bank of Ethiopia,Google Play,positive,1
1 star because I have to visit my bank for new installation of the app and reactivation takes about 45 to 60 minutes with there long queue and system failures. Learn from telebire app and give options to customers to apt out of this ridiculous security feature. Second why is there no customization in the settings for displaying which account I want displayed in the first section rather that slide to my main account every time. You are making us pay a monthly subscription. Bare minimum is not it,1,2025-02-26,Commercial Bank of Ethiopia,Google Play,negative,-1
Recently it is not working please check it,2,2025-02-26,Commercial Bank of Ethiopia,Google Play,negative,-1
This app😎,5,2025-02-26,Commercial Bank of Ethiopia,Google Play,positive,1
It is a user friendly excellent app.,5,2025-02-26,Commercial Bank of Ethiopia,Google Play,positive,1
Simple and efficient,5,2025-02-26,Commercial Bank of Ethiopia,Google Play,positive,1
Goooood,5,2025-02-25,Commercial Bank of Ethiopia,Google Play,negative,-1
It is Better to use and Save time. I truly appreciate the Bank System.,5,2025-02-25,Commercial Bank of Ethiopia,Google Play,positive,1
Good Work,5,2025-02-25,Commercial Bank of Ethiopia,Google Play,positive,1
Simple and secure app,5,2025-02-25,Commercial Bank of Ethiopia,Google Play,positive,1
Crashing frequently every time I try to log in.. it's so annoying,1,2025-02-25,Commercial Bank of Ethiopia,Google Play,negative,-1
FIX THE BUG! so frustrating,3,2025-02-25,Commercial Bank of Ethiopia,Google Play,negative,-1
"The app is full of bugs here and there, perhaps it's from the backend side idk. For instance the transaction history you see on top is one made a couple of months ago and you have to refresh until you reach the top. it's just so bizarre. And you can't even search for a transaction you made. Someone with a lot of transactions will find it annoying. Even simple things like localising dates to Amharic dates are now correctly implemented.",2,2025-02-25,Commercial Bank of Ethiopia,Google Play,negative,-1
Good experience,5,2025-02-24,Commercial Bank of Ethiopia,Google Play,positive,1
My device install up updated all data access all function but can't support transaction i. e first login password works but can't conformation last transaction password,5,2025-02-24,Commercial Bank of Ethiopia,Google Play,negative,-1
Constantly crashing after new update,1,2025-02-24,Commercial Bank of Ethiopia,Google Play,negative,-1
Ani Addunyaa Eebbisaa Tolasaa ti. Magaalaa Mandii keessaa dukkaana qorichaa dhuunfaan qaba. Appilikeeshiniin kun hojii koo kana naaf saffisiisuu keessatti qooda ol’aanaa qaba. Akka ‘mobile banking’ ‘busy’ waan hin ta’u. Namoonni hundumtuu Appii kana akka fayyadaman cimseen gorsa. Galatoomaa!💪🙏❤️,5,2025-02-24,Commercial Bank of Ethiopia,Google Play,negative,-1
"Great UX, simple to use yet has all necessary features.",4,2025-02-24,Commercial Bank of Ethiopia,Google Play,positive,1
Nice 👍 this is app,5,2025-02-23,Commercial Bank of Ethiopia,Google Play,positive,1
"Why can't we use this app with Developer Mode turned on, when other big international banks apps allow it?",1,2025-02-22,Commercial Bank of Ethiopia,Google Play,negative,-1
It is Good application,4,2025-02-22,Commercial Bank of Ethiopia,Google Play,positive,1
Guys after the last update it's crushing a lot like alot look in to it,3,2025-02-22,Commercial Bank of Ethiopia,Google Play,positive,1
This is agood app,5,2025-02-22,Commercial Bank of Ethiopia,Google Play,negative,-1
It have a bug it keeps shut down when I open the app. Without any notification. Please fix the bug.,3,2025-02-22,Commercial Bank of Ethiopia,Google Play,negative,-1
Very best and fast money transferring app,5,2025-02-22,Commercial Bank of Ethiopia,Google Play,positive,1
Why is it so hard to use this app why don't you make it simple like other apps sometimes it doesn't function right,1,2025-02-22,Commercial Bank of Ethiopia,Google Play,negative,-1
Sweet,5,2025-02-22,Commercial Bank of Ethiopia,Google Play,positive,1
Very best app,5,2025-02-22,Commercial Bank of Ethiopia,Google Play,positive,1
couldnt update the app,1,2025-02-22,Commercial Bank of Ethiopia,Google Play,negative,-1
ምርጥ አፕ ነው ሌላ ማለት አይቻልም ፡ግ,5,2025-02-22,Commercial Bank of Ethiopia,Google Play,negative,-1
"Too much commission and service charges, not fair at all this is stealing",1,2025-02-21,Commercial Bank of Ethiopia,Google Play,negative,-1
Very god,4,2025-02-21,Commercial Bank of Ethiopia,Google Play,positive,1
Not work some tumes,5,2025-02-21,Commercial Bank of Ethiopia,Google Play,negative,-1
It is easy and user friendly,5,2025-02-21,Commercial Bank of Ethiopia,Google Play,positive,1
When I open the app it turns off keep says (app has a bug ) the app needs update,2,2025-02-21,Commercial Bank of Ethiopia,Google Play,negative,-1
Solve unwanted time and the time to losses cbe office,5,2025-02-21,Commercial Bank of Ethiopia,Google Play,negative,-1
I faced a big problem with this due to Developer mode problem How can you help me pls?,5,2025-02-21,Commercial Bank of Ethiopia,Google Play,negative,-1
utilizes too much power & Crashes often,3,2025-02-20,Commercial Bank of Ethiopia,Google Play,negative,-1
Most effective so far.,5,2025-02-20,Commercial Bank of Ethiopia,Google Play,positive,1
Not working normally,1,2025-02-20,Commercial Bank of Ethiopia,Google Play,negative,-1
this is the simplest bookeeping system or method. I like it .,5,2025-02-19,Commercial Bank of Ethiopia,Google Play,positive,1
These days the App is Crashing immediately after Login please check,5,2025-02-19,Commercial Bank of Ethiopia,Google Play,negative,-1
I gave it 5🌟 BC this app deserves. Thank you for your services. Appreciated.,5,2025-02-19,Commercial Bank of Ethiopia,Google Play,positive,1
fantastic and best,5,2025-02-18,Commercial Bank of Ethiopia,Google Play,positive,1
"It lags before showing the transaction and you have to use the one in the sms message , why doesn't it work on the app it just says loading",1,2025-02-18,Commercial Bank of Ethiopia,Google Play,negative,-1
♡,5,2025-02-18,Commercial Bank of Ethiopia,Google Play,negative,-1
Very amazing application,5,2025-02-18,Commercial Bank of Ethiopia,Google Play,positive,1
Easy and fantastic to use,5,2025-02-18,Commercial Bank of Ethiopia,Google Play,positive,1
ዋውነው,3,2025-02-17,Commercial Bank of Ethiopia,Google Play,negative,-1
The way its menu arranged to use is easy to use.,5,2025-02-17,Commercial Bank of Ethiopia,Google Play,positive,1
Beya,5,2025-02-17,Commercial Bank of Ethiopia,Google Play,positive,1
"Its not bad, but there are plenty of errors .",2,2025-02-17,Commercial Bank of Ethiopia,Google Play,negative,-1
Waw fantastic Aplication,5,2025-02-16,Commercial Bank of Ethiopia,Google Play,positive,1
I am satisfied by this Ap Thank you,5,2025-02-16,Commercial Bank of Ethiopia,Google Play,positive,1
Best of the best application for ever,5,2025-02-16,Commercial Bank of Ethiopia,Google Play,positive,1
This app is better,5,2025-02-15,Commercial Bank of Ethiopia,Google Play,positive,1
"It's very good in reminding the account numbers you have been used, but Need to show recipient history whenever you want to present it.or it has to have a search on options for a spesfic time you want to look for receipts with out going for account details at bank. if you lost your receipt without downloading it and need to look sometime a while you can't get in simple search on the app.",1,2025-02-15,Commercial Bank of Ethiopia,Google Play,negative,-1
CBE NOOR,5,2025-02-15,Commercial Bank of Ethiopia,Google Play,positive,1
It is good app,5,2025-02-15,Commercial Bank of Ethiopia,Google Play,positive,1
Amazing App,5,2025-02-15,Commercial Bank of Ethiopia,Google Play,positive,1
ያስቸግራል,4,2025-02-15,Commercial Bank of Ethiopia,Google Play,negative,-1
"It crashes a lot; it doesn't work at all sometimes. By far, it is the worst mobile banking app I have ever used.",1,2025-02-15,Commercial Bank of Ethiopia,Google Play,negative,-1
Very buggy!,2,2025-02-14,Commercial Bank of Ethiopia,Google Play,negative,-1
WOW good,5,2025-02-14,Commercial Bank of Ethiopia,Google Play,positive,1
Very good 😊,3,2025-02-14,Commercial Bank of Ethiopia,Google Play,positive,1
Very sad.,5,2025-02-14,Commercial Bank of Ethiopia,Google Play,negative,-1
Excellent arrangements,5,2025-02-14,Commercial Bank of Ethiopia,Google Play,positive,1
So good,5,2025-02-14,Commercial Bank of Ethiopia,Google Play,positive,1
a good apps to save my money &withdraw my money to service,5,2025-02-13,Commercial Bank of Ethiopia,Google Play,positive,1
It's easy and good,5,2025-02-13,Commercial Bank of Ethiopia,Google Play,positive,1
It is best app,5,2025-02-13,Commercial Bank of Ethiopia,Google Play,positive,1
አለሚቱ ምስጋነዉ,1,2025-02-13,Commercial Bank of Ethiopia,Google Play,negative,-1
It is not functioning most of the time,3,2025-02-13,Commercial Bank of Ethiopia,Google Play,negative,-1
Best!,5,2025-02-13,Commercial Bank of Ethiopia,Google Play,positive,1
It sends unwanted welcome notification every time you login. There is no way that you can disable this.,3,2025-02-13,Commercial Bank of Ethiopia,Google Play,negative,-1
This app now not open what's problem? Please solve it,1,2025-02-13,Commercial Bank of Ethiopia,Google Play,negative,-1
nice thanks,5,2025-02-13,Commercial Bank of Ethiopia,Google Play,positive,1
በቅርቡ ችግር ተፈጥሯል ፣ Developer Option ካልተዘጋ አይሰራም፣ Developer Option ከተዘጋ ደግሞ ስልካችን ፍጥነት ለመታዘዝ ይዘገያል ፣ ከዚህ አማራጭ ሌላ ብትጠቀሙ ባይ ነኝ :: Android ላይ,1,2025-02-12,Commercial Bank of Ethiopia,Google Play,negative,-1
Very nice i'm happy,5,2025-02-11,Commercial Bank of Ethiopia,Google Play,positive,1
It used to be better in the previous. But after the recent update it keeps crashing as soon as it logs in.. it needs to be fixed.,1,2025-02-11,Commercial Bank of Ethiopia,Google Play,negative,-1
❤️,5,2025-02-11,Commercial Bank of Ethiopia,Google Play,negative,-1
Can't even load our transaction history!!,1,2025-02-11,Commercial Bank of Ethiopia,Google Play,negative,-1
I am happy of this app,5,2025-02-11,Commercial Bank of Ethiopia,Google Play,positive,1
"Great app, but try to include an access to water bill payment for places other than Adis Ababa & try top the app not to be inactive while developer option setting in Samsung phones is activated",4,2025-02-11,Commercial Bank of Ethiopia,Google Play,positive,1
👍 good,5,2025-02-10,Commercial Bank of Ethiopia,Google Play,positive,1
this app is very useful but sometimes when you want to see specific transactions it didn't work so that way i gave you 3,3,2025-02-10,Commercial Bank of Ethiopia,Google Play,negative,-1
It is stop working !,1,2025-02-10,Commercial Bank of Ethiopia,Google Play,negative,-1
It's not bad 👍,2,2025-02-10,Commercial Bank of Ethiopia,Google Play,positive,1
It shut down without warning,1,2025-02-10,Commercial Bank of Ethiopia,Google Play,negative,-1
"Best app of the bank.But,when it needs apdate,customer must be notified in my point of view.Otherwise,customers saying ""Mobile banking is not working today"" is bad moto.",5,2025-02-10,Commercial Bank of Ethiopia,Google Play,negative,-1
I use this app all the time on my business but sometimes it is difficult to use in rural areas. because there is not enough network. so what if you prepared it for the public to use offline?,3,2025-02-09,Commercial Bank of Ethiopia,Google Play,negative,-1
So good 👍 👏,5,2025-02-09,Commercial Bank of Ethiopia,Google Play,positive,1
This app is very interesting and simple to use.,5,2025-02-09,Commercial Bank of Ethiopia,Google Play,positive,1
"Add customer service please other than calling 951. Why would you have a mobile app but not an online text-based customer service? Why? Disappointing And I will never use the top-up feature again, I have been trying to recharge my safaricom balance but your app would say time out and then credit my account but never recharge my balance, why? Where is my money? Do you expect me to call 951 at midnight?",2,2025-02-08,Commercial Bank of Ethiopia,Google Play,negative,-1
"Smart and easy to use, i like this app",5,2025-02-08,Commercial Bank of Ethiopia,Google Play,positive,1
በፊት ጥሩነበር አሁን ምኑን ነካችሁት ተበላሽቷል አይሰራም,1,2025-02-08,Commercial Bank of Ethiopia,Google Play,negative,-1
The best app I love it,5,2025-02-08,Commercial Bank of Ethiopia,Google Play,positive,1
Is not useful,3,2025-02-08,Commercial Bank of Ethiopia,Google Play,negative,-1
It's ok,5,2025-02-08,Commercial Bank of Ethiopia,Google Play,positive,1
Like,3,2025-02-08,Commercial Bank of Ethiopia,Google Play,positive,1
It's good,5,2025-02-08,Commercial Bank of Ethiopia,Google Play,positive,1
Its good service,4,2025-02-07,Commercial Bank of Ethiopia,Google Play,positive,1
Recent transactions doesn't load properly sometimes . And also when transferring to someone sometimes it says failed and but already transferred which might cause to double transfer,1,2025-02-07,Commercial Bank of Ethiopia,Google Play,negative,-1
"It used to work properly, but not anymore. I used to use the app from abroad; but these days, it kept saying ""unable to connect"" when I tried to check my balance and do transactions.",1,2025-02-07,Commercial Bank of Ethiopia,Google Play,negative,-1
Awash birr pro,1,2025-02-07,Commercial Bank of Ethiopia,Google Play,negative,-1
It is a very important application.,5,2025-02-07,Commercial Bank of Ethiopia,Google Play,positive,1
አፕሊኬሽኑ ብዙ ግዜ ወደኋላ ይመልሳል,3,2025-02-07,Commercial Bank of Ethiopia,Google Play,negative,-1
To save my time best app to me i like this app tnx cbe !!!,5,2025-02-07,Commercial Bank of Ethiopia,Google Play,negative,-1
"It is a shame not to appreciate the recent system improvements that the Commercial Bank of Ethiopia has been making, and I have no doubt that it will be different from this, InshaAllah. Another thing I would like to comment on is that the current method for transferring money to Telebir can own be sent to the person. So, it is possible to send money directly from the Commercial Bank to other banks. If you make it possible to transfer money directly to anyone, I would be very grateful.thank you",5,2025-02-06,Commercial Bank of Ethiopia,Google Play,positive,1
Comfortable,5,2025-02-06,Commercial Bank of Ethiopia,Google Play,positive,1
Help,5,2025-02-05,Commercial Bank of Ethiopia,Google Play,positive,1
App keeps on crashing after the latest update. Failures are frequent.,3,2025-02-05,Commercial Bank of Ethiopia,Google Play,negative,-1
I don't need to update this app,5,2025-02-05,Commercial Bank of Ethiopia,Google Play,positive,1
Good work !! Thank you !,5,2025-02-05,Commercial Bank of Ethiopia,Google Play,positive,1
Application Baay'ee Gaariidha . Hojii Keenya Salphisuu fi Yeroo Nuuf Qusachuu Keeysatti .... Waan Jajjabeeyfamuu Qabuudha !!!,5,2025-02-05,Commercial Bank of Ethiopia,Google Play,negative,-1
"After the new update I'm struggling to use this app,it suddenly crush or close automatically pls fix this problem",1,2025-02-05,Commercial Bank of Ethiopia,Google Play,negative,-1
Very fast and easy to use,5,2025-02-05,Commercial Bank of Ethiopia,Google Play,positive,1
It is best application,5,2025-02-04,Commercial Bank of Ethiopia,Google Play,positive,1
This apps amazing,5,2025-02-04,Commercial Bank of Ethiopia,Google Play,positive,1
100%👍,5,2025-02-04,Commercial Bank of Ethiopia,Google Play,positive,1
This App. Is just a Meaningful Application for our country..,5,2025-02-04,Commercial Bank of Ethiopia,Google Play,positive,1
"This App Is Best and Fantastic Because easy to use, It has Best security Specially Two Specific Authentication so this security is not path unauthorized person to Our account History. Thankyou CBE For We give this service",5,2025-02-04,Commercial Bank of Ethiopia,Google Play,positive,1
The app is crashing several times it's really annoying and sometimes it's says failed during different operations ?????? Please fix it!?,1,2025-02-04,Commercial Bank of Ethiopia,Google Play,negative,-1
Efficient,5,2025-02-04,Commercial Bank of Ethiopia,Google Play,positive,1
ሰሞኑን እያሰቸገረ ነው እንጂ ቀላል እና ፈጣን,3,2025-02-04,Commercial Bank of Ethiopia,Google Play,negative,-1
So nice,5,2025-02-03,Commercial Bank of Ethiopia,Google Play,positive,1
New update new version not working,1,2025-02-03,Commercial Bank of Ethiopia,Google Play,negative,-1
that is good,5,2025-02-03,Commercial Bank of Ethiopia,Google Play,positive,1
"I have seen lots of great updates right here, especially the 2FA using the biometric security technique, I suggest you work on minimising app crashing due to the accumulation of cache, very little cache crash it.",4,2025-02-03,Commercial Bank of Ethiopia,Google Play,positive,1
The Best mobile banking app in Ethiopia. Thanks CBE,5,2025-02-03,Commercial Bank of Ethiopia,Google Play,positive,1
Cbe,5,2025-02-03,Commercial Bank of Ethiopia,Google Play,positive,1
Too poor comparing to other countries.,1,2025-02-03,Commercial Bank of Ethiopia,Google Play,negative,-1
Tank,5,2025-02-03,Commercial Bank of Ethiopia,Google Play,negative,-1
Senà shelu,5,2025-02-02,Commercial Bank of Ethiopia,Google Play,positive,1
it is not working,5,2025-02-02,Commercial Bank of Ethiopia,Google Play,negative,-1
Waww,1,2025-02-02,Commercial Bank of Ethiopia,Google Play,negative,-1
"I updated to the new version a while ago and it keeps crashing, maybe you can fix it.",3,2025-02-02,Commercial Bank of Ethiopia,Google Play,negative,-1
Simple good app,4,2025-02-02,Commercial Bank of Ethiopia,Google Play,positive,1
"After the last two update, I am facing the worst experience with this app.",1,2025-02-02,Commercial Bank of Ethiopia,Google Play,negative,-1
Now it's crashing like crazy. It doesn't even open after a recent update.,1,2025-02-01,Commercial Bank of Ethiopia,Google Play,negative,-1
This app is so incredible,5,2025-02-01,Commercial Bank of Ethiopia,Google Play,positive,1
Mobail banking is the letest tecnologi,5,2025-02-01,Commercial Bank of Ethiopia,Google Play,negative,-1
without any reason it shows white screen and can't make transfers. Then when I went to branch then they reply go to the branch where you open your account.,1,2025-02-01,Commercial Bank of Ethiopia,Google Play,negative,-1
It used to be the best bank app in Ethiopia. But now using it is a terrible experience. For every transaction it shows an error message. Making a simple payment requires 5 to 6 trials to complete.,1,2025-01-31,Commercial Bank of Ethiopia,Google Play,negative,-1
it does not connect,1,2025-01-31,Commercial Bank of Ethiopia,Google Play,negative,-1
The worst I had to flight back to fix my app it need you to go back every 4 month not reliable for foreigners,1,2025-01-31,Commercial Bank of Ethiopia,Google Play,negative,-1
This should run for worst app of the year,1,2025-01-31,Commercial Bank of Ethiopia,Google Play,negative,-1
Very bad,1,2025-01-31,Commercial Bank of Ethiopia,Google Play,negative,-1
It is nice app!,4,2025-01-31,Commercial Bank of Ethiopia,Google Play,positive,1
Very nice app,5,2025-01-31,Commercial Bank of Ethiopia,Google Play,positive,1
"It's easy to use, but there is some problems sometimes when update the app in the network areas...",4,2025-01-31,Commercial Bank of Ethiopia,Google Play,negative,-1
No manage beneficiary for my app,1,2025-01-30,Commercial Bank of Ethiopia,Google Play,negative,-1
Its good but we need an option of choosing a specific period to get a historique of transactions. For example when i want to check my previous transactions i only get few transactions. Thank you.,2,2025-01-30,Commercial Bank of Ethiopia,Google Play,positive,1
Very good mobile app,5,2025-01-30,Commercial Bank of Ethiopia,Google Play,positive,1
"Something is wrong with the new update,it keep closing itself and i couldn't made an important transaction.",3,2025-01-30,Commercial Bank of Ethiopia,Google Play,negative,-1
The latest updates crushes repeatedly on my Redmi Note 12 pro plus. If you could correct the issue.,1,2025-01-30,Commercial Bank of Ethiopia,Google Play,negative,-1
Not worek recipient !!,1,2025-01-29,Commercial Bank of Ethiopia,Google Play,negative,-1
Best application,5,2025-01-29,Commercial Bank of Ethiopia,Google Play,positive,1
"I’ve been using the CBE mobile banking app, and overall, I appreciate its features. However, I’ve noticed that when I turn on the developer options on my device, the app stops functioning properly. It would be great if you could look into this issue, as I often need to access developer settings for other applications. Thank you for your attention to this matter!",1,2025-01-29,Commercial Bank of Ethiopia,Google Play,negative,-1
I like the app,5,2025-01-29,Commercial Bank of Ethiopia,Google Play,positive,1
"If you are living outside of Ethiopia you better not deposit large money into your mobile account. It can kick you off any time for some small reasons and the only way you can recover is either to go to the bank in person or you need to have access to your phone which is impossible if you are living outside Ethiopia. The only option you will be left with is, you can't use your money. At least it would be better if you can recover your account using email or other verification ...",1,2025-01-29,Commercial Bank of Ethiopia,Google Play,negative,-1
Number one,5,2025-01-29,Commercial Bank of Ethiopia,Google Play,positive,1
Updating the app is must everytime they release it even to reload the transaction.,2,2025-01-29,Commercial Bank of Ethiopia,Google Play,negative,-1
These app is beast But the new update is great,5,2025-01-29,Commercial Bank of Ethiopia,Google Play,positive,1
Bahilu ketema,2,2025-01-29,Commercial Bank of Ethiopia,Google Play,negative,-1
It's easy and user friendly!,5,2025-01-29,Commercial Bank of Ethiopia,Google Play,positive,1
It is helpful to save time and energy,5,2025-01-28,Commercial Bank of Ethiopia,Google Play,positive,1
DIGITAL LEADER BANK IN ETHIOPIA CBE,5,2025-01-28,Commercial Bank of Ethiopia,Google Play,positive,1
Turning off the developers' options :( This is getting out of hand. We don't need to go through that...,1,2025-01-28,Commercial Bank of Ethiopia,Google Play,negative,-1
🤙best,5,2025-01-28,Commercial Bank of Ethiopia,Google Play,negative,-1
😔,2,2025-01-28,Commercial Bank of Ethiopia,Google Play,negative,-1
I don't have an idea why our country soft wares needs some beroucracy?? How many peoples knew that about developer options N why is the new app forceing to disable that?? in my side i didn't get the apps as of b4.,1,2025-01-28,Commercial Bank of Ethiopia,Google Play,negative,-1
"BEST APP EVER,BUT WHEN CBE BE INTEGRATED WITH INTERNATIONAL TRANSFER",5,2025-01-28,Commercial Bank of Ethiopia,Google Play,positive,1
Where ever you go no one is like cbe mobile banking.it's absolutely perfect,5,2025-01-28,Commercial Bank of Ethiopia,Google Play,positive,1
"Does""nt give you a list of beneficieries.",2,2025-01-27,Commercial Bank of Ethiopia,Google Play,positive,1
Ti,1,2025-01-27,Commercial Bank of Ethiopia,Google Play,positive,1
"trasaction history needs to be more,",2,2025-01-27,Commercial Bank of Ethiopia,Google Play,negative,-1
This app is more helpful and best,5,2025-01-27,Commercial Bank of Ethiopia,Google Play,positive,1
I like it more the app cbe thank you !,5,2025-01-27,Commercial Bank of Ethiopia,Google Play,positive,1
Alert The device developer Mode is turned on. Please turn off Developer Mode from device settings and try again to use this app OK What is this ?,1,2025-01-27,Commercial Bank of Ethiopia,Google Play,negative,-1
Correct your order of incoming and outgoing birr,3,2025-01-27,Commercial Bank of Ethiopia,Google Play,negative,-1
Nice App,5,2025-01-27,Commercial Bank of Ethiopia,Google Play,positive,1
The apk doesn't work when the phones developer option is turned on. It always asks me to turn off the developer options to open the apk. Please fix it as it is unnecessary.,4,2025-01-26,Commercial Bank of Ethiopia,Google Play,negative,-1
Woow app,2,2025-01-25,Commercial Bank of Ethiopia,Google Play,negative,-1
Wow 👌 👏,5,2025-01-25,Commercial Bank of Ethiopia,Google Play,positive,1
Best App👌🏿,5,2025-01-25,Commercial Bank of Ethiopia,Google Play,positive,1
"Why on earth is CBE telling me to turn off developer mode? As the name clearly states, it's for developers, not for CBE to dictate. There are countless financial apps out there that work just fine without demanding such an unnecessary restriction. If your app can’t handle developer mode, that’s a you problem. Fix your code instead of disabling features that have absolutely nothing to do with you.",2,2025-01-25,Commercial Bank of Ethiopia,Google Play,negative,-1
It keeps asking for an update recursively since the last update. What is going on??,2,2025-01-25,Commercial Bank of Ethiopia,Google Play,negative,-1
I donot want to update.,5,2025-01-25,Commercial Bank of Ethiopia,Google Play,positive,1
The qr code scans must be backed to see the transfer is done and to use it easily,2,2025-01-25,Commercial Bank of Ethiopia,Google Play,negative,-1
"አፕልኬሽኑ የተላከልኝን ብር ቶሎ አያሳይም ። ከ 24 ሰዓት በላይ ይቆያል። ይህ ለቢዝነስ በጣም አስቸጋሪ ሆኖብኛል። መፍትሔ አላችሁ ? This application is too slow & inactive to notify & record transactions, & hence I faced difficulty using it for businesses. would you fix it?",1,2025-01-25,Commercial Bank of Ethiopia,Google Play,negative,-1
Nice app thanks cbe,5,2025-01-25,Commercial Bank of Ethiopia,Google Play,positive,1
NICE,5,2025-01-25,Commercial Bank of Ethiopia,Google Play,positive,1
It is very nice to use,5,2025-01-25,Commercial Bank of Ethiopia,Google Play,positive,1
"the ""developer mode"" need to be fixed, it sucks",2,2025-01-25,Commercial Bank of Ethiopia,Google Play,negative,-1
"The app is simply trash, the only thing that's keeping them afloat is that the woods for the other Ethiopian banks is even trashier",1,2025-01-25,Commercial Bank of Ethiopia,Google Play,negative,-1
It very important app,5,2025-01-25,Commercial Bank of Ethiopia,Google Play,positive,1
Data problems,1,2025-01-24,Commercial Bank of Ethiopia,Google Play,negative,-1
nice one,5,2025-01-24,Commercial Bank of Ethiopia,Google Play,positive,1
This app after update they ask verification .why they restricted for update?,5,2025-01-24,Commercial Bank of Ethiopia,Google Play,negative,-1
Best and ease to use,5,2025-01-24,Commercial Bank of Ethiopia,Google Play,positive,1
thank you very much and we are very very happy with your service🥰,5,2025-01-24,Commercial Bank of Ethiopia,Google Play,positive,1
Cbe is the leader bank in Ethiopia by digital payment system,5,2025-01-24,Commercial Bank of Ethiopia,Google Play,positive,1
Like it,5,2025-01-24,Commercial Bank of Ethiopia,Google Play,positive,1
it's not working properly,1,2025-01-24,Commercial Bank of Ethiopia,Google Play,negative,-1
Make an option to send statement by email,1,2025-01-24,Commercial Bank of Ethiopia,Google Play,negative,-1
It is simple and very accurate system,1,2025-01-24,Commercial Bank of Ethiopia,Google Play,positive,1
"I am happy for using CBE. How ever, i am happy we can not send money to other tele birr by this app. why???",5,2025-01-24,Commercial Bank of Ethiopia,Google Play,positive,1
Why developer option is off ? Please remove this feature.,4,2025-01-24,Commercial Bank of Ethiopia,Google Play,negative,-1
Reminding me to update and pay every month,5,2025-01-23,Commercial Bank of Ethiopia,Google Play,positive,1
its excellent app,5,2025-01-23,Commercial Bank of Ethiopia,Google Play,positive,1
"After a recent update, this app stopped working with a message "" the developer turned off advanced ... etc.",3,2025-01-23,Commercial Bank of Ethiopia,Google Play,negative,-1
እብድ ባነክ፣ ይሄ ዝምብሎ Update ብቻ የሚለውን እና Update የማያደርገውን ሲስተማችሁን አስተካክሉት። አናዳጆች!,1,2025-01-23,Commercial Bank of Ethiopia,Google Play,negative,-1
I am students of accounting and finance when i graduate i wish to do in CBE thanks,5,2025-01-23,Commercial Bank of Ethiopia,Google Play,positive,1
wow . what i can say thank you.,5,2025-01-23,Commercial Bank of Ethiopia,Google Play,positive,1
love,3,2025-06-06,Dashen Bank,Google Play,positive,1
መቸሸጠ,5,2025-06-03,Dashen Bank,Google Play,negative,-1
gadaa,5,2025-06-01,Dashen Bank,Google Play,negative,-1
Massive upgrade from the Amole app.,5,2025-05-31,Dashen Bank,Google Play,positive,1
very good for this app,5,2025-05-31,Dashen Bank,Google Play,positive,1
top,5,2025-05-31,Dashen Bank,Google Play,positive,1
this app better than Amole . but the biometric on new update doesn't work,4,2025-05-31,Dashen Bank,Google Play,negative,-1
wow to it saff and this app,5,2025-05-30,Dashen Bank,Google Play,positive,1
it too slow,3,2025-05-29,Dashen Bank,Google Play,negative,-1
ዳሽን ባንክ ይለያል,4,2025-05-28,Dashen Bank,Google Play,negative,-1
real life changer,5,2025-05-28,Dashen Bank,Google Play,positive,1
nice application,5,2025-05-27,Dashen Bank,Google Play,positive,1
useless app ever loading take long,1,2025-05-27,Dashen Bank,Google Play,negative,-1
"Game changer app! Dashen Bank Super App is fast, secure, and easy to use. The three-click payment makes sending money super quick, and the QR code payment is perfect for cashless shopping. I also love the biometric login and easy airtime and bill payments. Everything I need is in one place. Dashen Bank has really raised the bar for digital banking in Ethiopia. Highly recommended!",5,2025-05-26,Dashen Bank,Google Play,positive,1
very useful App,1,2025-05-26,Dashen Bank,Google Play,positive,1
"Simple, robust features? Yes, please! But the endless loading screen killed the fun—I couldn’t use it for days. Fix the glitch, and I’ll yeet a higher rating!",2,2025-05-26,Dashen Bank,Google Play,negative,-1
Wawww,5,2025-05-24,Dashen Bank,Google Play,negative,-1
it is good but some times says duplicate transaction why?,5,2025-05-24,Dashen Bank,Google Play,negative,-1
very Nice,5,2025-05-23,Dashen Bank,Google Play,positive,1
its best,5,2025-05-23,Dashen Bank,Google Play,positive,1
it is not as good as to the other mobile bank app.,1,2025-05-22,Dashen Bank,Google Play,negative,-1
"The best of best is now arrived **Empowering Your Financial Freedom** ""Experience seamless banking at your fingertips with Dashen Bank. Empowering your financial freedom, anytime, anywhere!"" **Innovation Meets Convenience** ""Dashen Bank Mobile Banking: Where innovation meets convenience. **Secure and Reliable** ""Bank with confidence",5,2025-05-22,Dashen Bank,Google Play,positive,1
Nothing is changed in the updated version. You have been collecting comments but where is the feed back you improved in this version. superapp is mot functioning today.,4,2025-05-20,Dashen Bank,Google Play,negative,-1
The best app ever in finance sector,5,2025-05-18,Dashen Bank,Google Play,positive,1
Its good app than other compitators but it confuse when we transfer it needs OTP and PIN most user inter their pin instead of OTP we know the litrecy level of our society so if it is device based i dont know the needs of OTP so please try to fix,3,2025-05-18,Dashen Bank,Google Play,negative,-1
dashen bank or dashen super app?,1,2025-05-17,Dashen Bank,Google Play,negative,-1
wowwwe app,5,2025-05-17,Dashen Bank,Google Play,positive,1
"Transferring to other bank accounts is a hastle and inconvenient .Get used to seeing "" please try again """,2,2025-05-17,Dashen Bank,Google Play,negative,-1
always lagging,1,2025-05-16,Dashen Bank,Google Play,negative,-1
Amazing Application...,5,2025-05-16,Dashen Bank,Google Play,positive,1
"Dashen bank app is very good, but sometimes it is not working well",5,2025-05-15,Dashen Bank,Google Play,negative,-1
its my choice,5,2025-05-15,Dashen Bank,Google Play,positive,1
wow apo,5,2025-05-15,Dashen Bank,Google Play,positive,1
awesome app keep going,5,2025-05-14,Dashen Bank,Google Play,positive,1
"It grows ethiopian digital banking step ahead.All fetures in one,simple fast and convince.",5,2025-05-14,Dashen Bank,Google Play,positive,1
Game changer,5,2025-05-13,Dashen Bank,Google Play,positive,1
Totally amazing,5,2025-05-13,Dashen Bank,Google Play,positive,1
super 😎,5,2025-05-13,Dashen Bank,Google Play,positive,1
what a helpful app!!!!,5,2025-05-13,Dashen Bank,Google Play,positive,1
"To be honest, best banking and lifestyle app in Ethiopia.",5,2025-05-12,Dashen Bank,Google Play,positive,1
fast,5,2025-05-12,Dashen Bank,Google Play,positive,1
"A must have, seamless, all in one digital platform ""DB Superapp""! Keep living your motto ""Always one step ahead""",5,2025-05-12,Dashen Bank,Google Play,positive,1
"This App makes digital banking effortless and convenient. User-friendly interface, secure transactions, and excellent features for managing finances efficiently.",4,2025-05-10,Dashen Bank,Google Play,positive,1
Amazing app super easy to use and best design. loved it.,5,2025-05-09,Dashen Bank,Google Play,positive,1
its the best ever,5,2025-05-09,Dashen Bank,Google Play,positive,1
excellent game changer App,5,2025-05-08,Dashen Bank,Google Play,positive,1
I am highly excited by using this application and it is the most favorable as well as preferrable mobile app.,5,2025-05-03,Dashen Bank,Google Play,positive,1
it seems me logging out within minutes,1,2025-05-03,Dashen Bank,Google Play,negative,-1
nice app especially GUI and I have got some error when you send within dashen bank the receipter is not get SMS notification,4,2025-05-03,Dashen Bank,Google Play,negative,-1
yes i want dashen super open,5,2025-05-02,Dashen Bank,Google Play,positive,1
faster than this version,5,2025-05-01,Dashen Bank,Google Play,positive,1
"Best UI mobile banking app, props to design team",5,2025-04-30,Dashen Bank,Google Play,positive,1
bad.,1,2025-04-30,Dashen Bank,Google Play,negative,-1
Dashen bank always one step ahead,5,2025-04-30,Dashen Bank,Google Play,positive,1
dashen super app is secure band very easy,5,2025-04-29,Dashen Bank,Google Play,positive,1
It is very fast and secured mobile banking app! I like this app!,5,2025-04-29,Dashen Bank,Google Play,positive,1
best app I have ever seen,5,2025-04-29,Dashen Bank,Google Play,positive,1
best of best,5,2025-04-29,Dashen Bank,Google Play,positive,1
Its slow when i try to see the Recent Transaction and stucked,1,2025-04-28,Dashen Bank,Google Play,negative,-1
wowslnwoooo wowwww amazing !!!!!!!!,5,2025-04-28,Dashen Bank,Google Play,positive,1
wow appl,5,2025-04-28,Dashen Bank,Google Play,positive,1
why do i have to change a pin number i use my finger print so dummy,1,2025-04-27,Dashen Bank,Google Play,negative,-1
"It is very slow and it lacks many features to be a super app. High rating is given by their employees, not by the customers.",1,2025-04-25,Dashen Bank,Google Play,negative,-1
"Smooth and secure experience transfers, bill payments, and tracking expenses are all effortless. The intuitive design makes banking on the go.",5,2025-04-24,Dashen Bank,Google Play,positive,1
Very easy and Fast.,5,2025-04-24,Dashen Bank,Google Play,positive,1
Incomparably user-friendly and fast app for mobile banking.,5,2025-04-24,Dashen Bank,Google Play,negative,-1
"there is nothing super about this app, repeatedly failed transaction and wastes customer valuable time. if you have to do system upgrade do it at a time when there is less traffic demand. your Technical difficulty should not be reflected on customer.",2,2025-04-24,Dashen Bank,Google Play,negative,-1
execellent,5,2025-04-24,Dashen Bank,Google Play,negative,-1
"This super app is a total game-changer—fast, reliable, and packed with everything I need in one place. It’s seamless and super convenient. Love it!""",5,2025-04-23,Dashen Bank,Google Play,positive,1
All in One ✍️secure ✍️reliable ✍️convenient. Digital banking game changer!!,5,2025-04-23,Dashen Bank,Google Play,negative,-1
it is incredible product.,5,2025-04-23,Dashen Bank,Google Play,positive,1
"I'm really impressed with this app! It’s user-friendly, runs smoothly, and has all the features I need. Makes my tasks so much easier and saves me a lot of time. Highly recommended!",5,2025-04-23,Dashen Bank,Google Play,positive,1
"It's an amazing app, experience it!!",5,2025-04-23,Dashen Bank,Google Play,positive,1
This is the best banking app ever. I recommend everyone to use it.,5,2025-04-23,Dashen Bank,Google Play,positive,1
It is the best application!!!,5,2025-04-22,Dashen Bank,Google Play,positive,1
"Exceptional digital experience, SupperApp will bring new paradigm shift in the banking business. Bravo Dashen keep it up!!!!",5,2025-04-22,Dashen Bank,Google Play,positive,1
its features are so dynamic,5,2025-04-22,Dashen Bank,Google Play,positive,1
fast &Friendly user Application.,5,2025-04-22,Dashen Bank,Google Play,positive,1
"Fast, Reliable and User Friendly. Keep it Up",5,2025-04-22,Dashen Bank,Google Play,positive,1
"#dashen super app is easy to use, secure & fast transaction😍",5,2025-04-22,Dashen Bank,Google Play,positive,1
i love this app esp 3 click that make e-commerce easier and convinient.,5,2025-04-22,Dashen Bank,Google Play,positive,1
Dashen Super App contains extended selections for customers and can be easily accessible and also friendly to use.,5,2025-04-22,Dashen Bank,Google Play,positive,1
Great for everyday banking and payments on the go,5,2025-04-22,Dashen Bank,Google Play,positive,1
"""Dashen Super App'' is impressive with its focus on simplicity, speed, and quality. The user interface is clean and easy to understand. Transactions process quickly, and the overall quality of the app is top-notch. A must-have for Dashen Bank customers. ዳሸን ባንክ አንድ እርምጃ ቀዳሚ።",5,2025-04-22,Dashen Bank,Google Play,positive,1
making transactions has never been easier. the new update is just amazing,5,2025-04-22,Dashen Bank,Google Play,positive,1
"The app has various usefull functions, which make easy the payment system. Also, it will connect with sellers having reasonable prices.",5,2025-04-22,Dashen Bank,Google Play,positive,1
The app has great user interface with comprehensive payments and E-commerce platforms. And also it includes unique features such as chat Banking and budget.,5,2025-04-22,Dashen Bank,Google Play,positive,1
betam mirt Ena betam le atikakem kelel Yale Ena michu application nw,5,2025-04-22,Dashen Bank,Google Play,negative,-1
Convenient!,5,2025-04-22,Dashen Bank,Google Play,positive,1
It is an amazing application that meets the needs of customers.,5,2025-04-22,Dashen Bank,Google Play,positive,1
Effecting payment via the app has created convenience to the recipients in easily confirming the payments received!,5,2025-04-22,Dashen Bank,Google Play,positive,1
the best Supper App ever,5,2025-04-22,Dashen Bank,Google Play,positive,1
"This is the best app ever, when is it planned to include digital lending and gasification?",5,2025-04-22,Dashen Bank,Google Play,positive,1
"A powerful, local solution that rivals any global app. I love how easy it is to explore services and products.",5,2025-04-22,Dashen Bank,Google Play,positive,1
Dashen bank is my number one choice,5,2025-04-22,Dashen Bank,Google Play,positive,1
Assefa Genetu = Dashen superup is the latest and inclussive .I am happy with this super up.,5,2025-04-22,Dashen Bank,Google Play,positive,1
"The App is incredibly user-friendly and brings multiple services into one place. It's fast, intuitive, and makes daily tasks super convenient. A true all-in-one solution!",5,2025-04-21,Dashen Bank,Google Play,positive,1
"Proudly made in Ethiopia, this innovation delivers more than promised. The marketplace is a major boost for local commerce",5,2025-04-21,Dashen Bank,Google Play,positive,1
it so fanrastic and user friendly app. Bravo Dashen bank thanks.,5,2025-04-21,Dashen Bank,Google Play,positive,1
"one of the best digital platforms I've used! from smooth transactions to a seamless shopping experience, highly recommended.",5,2025-04-21,Dashen Bank,Google Play,positive,1
A proudly Ethiopia innovation that delivers beyond expectations. The marketplace feature is a big win for local shoppers bnd sellers,5,2025-04-21,Dashen Bank,Google Play,positive,1
"Dashen Super App is a game-changer! It’s fast, user-friendly, and packed with features that make everyday banking and transactions super convenient. I love how everything I need from mobile banking to utility payments is all in one place. The interface is clean, and everything works smoothly. Definitely one of the best apps out there. Highly recommended!",5,2025-04-21,Dashen Bank,Google Play,positive,1
Easy to use and has many options. It is the best financial app I have ever used.,5,2025-04-21,Dashen Bank,Google Play,positive,1
"Highly impressed! Dash Bank really nailed it with this app. Secure, reliable, and packed with features I use daily",5,2025-04-21,Dashen Bank,Google Play,positive,1
"One of the best digital platforms I’ve used! From smooth transactions to a seamless shopping experience, Highly recommended",5,2025-04-21,Dashen Bank,Google Play,positive,1
"This app has everything I was looking for, dashen is becoming a grandmaster.",5,2025-04-21,Dashen Bank,Google Play,positive,1
Very convenient,5,2025-04-21,Dashen Bank,Google Play,positive,1
"The user experience is seamless, and everything just works perfectly right out of the box. I can’t believe how much time and effort it saves me every day.",5,2025-04-21,Dashen Bank,Google Play,positive,1
wawwwww what nice super app !!keep it up dashen bank !!,5,2025-04-21,Dashen Bank,Google Play,positive,1
"Dashen SuperApp the ultimate all-in-one solution! From banking and shopping to bill payments, everything you need is right at your fingertips. Life just got a whole lot easier!",5,2025-04-21,Dashen Bank,Google Play,positive,1
"It is,really super because of its unique offerings to individuals and businesses.It is a secure UX first app intended to cater comprehensive digital meeds.I am also happy to know that Dashen is considering to make the app more inclusive by lowering the mobile version requirements .",5,2025-04-21,Dashen Bank,Google Play,positive,1
"the very easy, secured, fast and multifunctional dashen supper application I ever seen. dashen really one steps ahead!!!",5,2025-04-21,Dashen Bank,Google Play,positive,1
"One app for everything! I can shop, manage my bank account , and do so much more . Truly a super app",5,2025-04-21,Dashen Bank,Google Play,positive,1
one of the best digital platforms I’ve used! From smooth transactions to a seamless shopping experie,5,2025-04-21,Dashen Bank,Google Play,positive,1
"Dashen Bank super App is the most suitable, reliable, and fast digital banking system.",5,2025-04-21,Dashen Bank,Google Play,positive,1
Excellent app.,5,2025-04-21,Dashen Bank,Google Play,positive,1
This is what we call banking app. As professional I want banking app as simple as this and an app rich of features that align with my lifestyle.,5,2025-04-21,Dashen Bank,Google Play,positive,1
thanks again,5,2025-04-21,Dashen Bank,Google Play,positive,1
Super Easy To Use and Fast Transaction.,5,2025-04-21,Dashen Bank,Google Play,positive,1
"I have an incredible experience with Dashen super app, what an amazing platform is it?. keep pioneering in technological advancement 👏👏👏",5,2025-04-21,Dashen Bank,Google Play,positive,1
"i can't recommend the Dashen Super App enough! This app is truly a game changer for anyone looking for a seamless and efficient way to manage their daily life. It combines multiple essential services into one easy-to-use platform, saving time and simplifying tasks The user interface is modern, intuitive, and super responsive, making navigation a breeze. Whether it's banking, payment services, or accessing lifestyle features, everything is just a few clicks away!!",5,2025-04-21,Dashen Bank,Google Play,positive,1
"The app is incredibly handy for managing multiple financial tasks, from bill payments to managing budgets. It’s saved me a lot of time and made banking way more convenient. Definitely worth checking out!",5,2025-04-21,Dashen Bank,Google Play,positive,1
what an App,5,2025-04-21,Dashen Bank,Google Play,positive,1
The new e-commerce feature is incredibly amazing and user friendly.,5,2025-04-21,Dashen Bank,Google Play,positive,1
"dashen bank supper app is the most easy to use and have high speed,quality and I like features like chat,budget,fuel payment, and security for my opinion this product is techonolgy edge,this international standard thanks for product oweners (dashen bank)",3,2025-04-21,Dashen Bank,Google Play,positive,1
"The Dashen supperapp is a revolutionary advancement in digital banking, combining exceptional usability, an intuitive interface and a seamless user experience. among its standout features are the integration of QR codes, account statement, transaction advise, chat, transaction authentication for limit thresholds, budgeting and different app in a single dashboard. Truly ahead of the curve ..... keep up the excellent work 🤝👏",5,2025-04-21,Dashen Bank,Google Play,positive,1
"A proudly Ethiopian innovation that delivers beyond expectations. The marketplace feature is a big win for local shoppers and sellers. Very impressed with the new updates, The e-commerce section is smooth and supports Ethiopian merchants!",5,2025-04-21,Dashen Bank,Google Play,positive,1
"Very impressed with the new updates, The e-commerce section is smooth and supports Ethiopian merchants.",5,2025-04-21,Dashen Bank,Google Play,positive,1
"Dashen Bank Super App is fast, reliable, and super easy to use. All my banking needs are handled smoothly in one place. Clean design and seamless experience – highly recommended!",5,2025-04-21,Dashen Bank,Google Play,positive,1
"Db sup app is A platform or an application that can grasp more satisfactions through fastest mode of operation which means for budget planning, to use QR code(scan, pay, go) chat with staff, acc to acc other bank ft, merchant payment, and easly. I addition to i satisfied and i invite everyone to use those platform!!.",5,2025-04-21,Dashen Bank,Google Play,positive,1
the chat banking and unique and only app that alow money request!!,5,2025-04-21,Dashen Bank,Google Play,negative,-1
Better and inclusive app!,5,2025-04-21,Dashen Bank,Google Play,positive,1
Amazing Application,5,2025-04-21,Dashen Bank,Google Play,positive,1
It keep my time to pay my bills and I generate my satment easily,5,2025-04-21,Dashen Bank,Google Play,positive,1
"It's an amazing app that is up-to-date with the times, wow wow",5,2025-04-21,Dashen Bank,Google Play,positive,1
A game-changing Ethiopian innovation—where shopping meets opportunity. The marketplace feature connects buyers and sellers like never before.,5,2025-04-21,Dashen Bank,Google Play,positive,1
"Dashen Super App isn’t just an app — it’s an experience. Effortless, powerful, and built for the future",5,2025-04-21,Dashen Bank,Google Play,positive,1
"This Is An Amazing App with Uniqe Quality,Easy And Fast Mobile Banking App.",5,2025-04-21,Dashen Bank,Google Play,positive,1
"Dashen SuperApp is a lifesaver! Banking, shopping, and bills in one super easy app. The new e-commerce feature is awesome and supports local merchants. Fast, secure, and proudly Ethiopian.Download it now—you won’t regret it!",5,2025-04-21,Dashen Bank,Google Play,positive,1
"Dashen SuperApp blends finance, shopping, and daily services effortlessly. The new e-commerce feature is smooth and supports local merchants—proud to back an Ethiopian-made solution!",5,2025-04-21,Dashen Bank,Google Play,positive,1
"A solid step forward by Dashen Bank. The SuperApp combines essential banking features with lifestyle services, making everything accessible in one place. The interface is smooth, and transactions are quick and reliable. It’s clear a lot of thought went into the design and functionality. Great job!",5,2025-04-21,Dashen Bank,Google Play,positive,1
Dashen bank super app is the crucial and convenient app in Ethiopia. there is no other app to compare with Dashen bank super app,5,2025-04-21,Dashen Bank,Google Play,positive,1
"All-in-one finance & e-commerce super app! Pay, save, shop seamlessly. Fast, secure. #BankAndShop",5,2025-04-21,Dashen Bank,Google Play,positive,1
it's a hestorical app. in the bank industry.,5,2025-04-21,Dashen Bank,Google Play,negative,-1
"A game changer in Ethiopian digital banking fast, secure, and packed with services. Everything you need, all in one powerful app. A true leap toward financial convenience and innovation!",4,2025-04-21,Dashen Bank,Google Play,positive,1
"easy &,simple to use",5,2025-04-21,Dashen Bank,Google Play,positive,1
"Banking, but make it smart. Local solutions, all in one place. Smooth, fast, and actually saving time. Feels like the future. Love it!",5,2025-04-21,Dashen Bank,Google Play,positive,1
"All in one, that is it 👌",5,2025-04-21,Dashen Bank,Google Play,positive,1
", Dashen Bank Supper App is multipurpose, convenient, very attractive and Make life easier",5,2025-04-21,Dashen Bank,Google Play,positive,1
very easy and flexible app.,5,2025-04-21,Dashen Bank,Google Play,positive,1
"I choose Dashen Bank Super Up since, it is easy to use & it has attractive features !",5,2025-04-21,Dashen Bank,Google Play,positive,1
dashen super app is simple faster and reliable.,5,2025-04-21,Dashen Bank,Google Play,positive,1
"Dashen Bank Super App is a game-changer! The user-friendly design, wide range of services, and smooth performance make it incredibly convenient for everyday banking. It’s fast, secure, and truly reflects the bank’s commitment to digital excellence. Highly recommended!",5,2025-04-21,Dashen Bank,Google Play,positive,1
"The app keeps getting better with every update! Smooth performance, great UI, and top-notch security. Thank you for making banking so convenient!""",5,2025-04-21,Dashen Bank,Google Play,positive,1
this app is the most simply to use and secure safe i love it to use for any bank transaction,5,2025-04-21,Dashen Bank,Google Play,positive,1
"After i download the app recently had a smooth expriance, its user friendly, fast, and everything works as expected. keep up the good work.",5,2025-04-21,Dashen Bank,Google Play,positive,1
An app with High performance and advanced features!,5,2025-04-21,Dashen Bank,Google Play,positive,1
"It is a very user friendly, attractive user interface, full of useful features. I really encourage everyone to give it a try.",5,2025-04-21,Dashen Bank,Google Play,positive,1
"Good actually , but it have to WORK when developer option is on 🙏",5,2025-04-21,Dashen Bank,Google Play,negative,-1
"All-in-one convenience, From managing accounts to paying bills and shopping online and the chat banking is game changer, this app does it all seamlessly.",5,2025-04-21,Dashen Bank,Google Play,positive,1
I appreciate that Dashen Bank takes lifestyle services into account.,5,2025-04-21,Dashen Bank,Google Play,positive,1
keep it up!,5,2025-04-21,Dashen Bank,Google Play,positive,1
amazing app really i loved it .that's why we say dashen bank is one stap ahead. It's the best mobile application that should be on every phone.,5,2025-04-21,Dashen Bank,Google Play,positive,1
very comfortable app keep it,5,2025-04-21,Dashen Bank,Google Play,positive,1
it has clear detail information about the application so it helps customer how to use the app. and it is very easy to use and also app is secure.,5,2025-04-21,Dashen Bank,Google Play,positive,1
"I have been using the Dashen Supper app mobile banking app , and overall, I appreciate its features.However,I’ve noticed that when I turn on the developer options on my device, the app stops functioning properly. It would be great if you could look into this issue, as I often need to access developer settings for other applications . Thank you for your attention to this matter!",5,2025-04-21,Dashen Bank,Google Play,negative,-1
easiness to use with fast response time,5,2025-04-21,Dashen Bank,Google Play,negative,-1
"The new mobile banking application is a major upgrade! It’s incredibly user-friendly, with a clean and modern design that makes navigation simple and intuitive. I really appreciate how fast it loads and how smooth the overall experience is. All essential services like balance checks, transfers, and bill payments are eas y to find and use. The added security features give me peace of mind, and the app runs reliably without crashes or glitches. It’s clear a lot of thought went into the user experi",5,2025-04-21,Dashen Bank,Google Play,positive,1
"As an Internal Customer, Dashen Bank SuperApp has greatly simplified my online banking experience. It's easy to use, allowing me to quickly check balances, transfer money and pay Bills. The app's advanced security features are highly secure, ensuring my data is well protected. The Three click, Chat Banking and IPS features have also given me a smarter experience. In deed Dashen Bank is always steping ahead!",5,2025-04-21,Dashen Bank,Google Play,positive,1
"A truly impressive app — user-friendly and a game-changer in Ethiopian banking. The Dashen Super App stands out as one of the most innovative and convenient digital banking solutions in Ethiopia’s financial history. Smooth navigation, seamless features, and a wide range of services all in one place. Well done!",5,2025-04-21,Dashen Bank,Google Play,positive,1
dashen bank super up has very fast and convenience and also it has contain more things on one app .I am very interesting to use dashen bank super up,5,2025-04-21,Dashen Bank,Google Play,positive,1
"The Dashen Bank Super App has truly elevated my mobile banking experience. It's fast, user-friendly, and packed with all the essential features. The interface is clean and intuitive, making navigation easy even for first-time users. I also appreciate the added security features that give me peace of mind while banking on the go. Dashen Bank has done an amazing job with this app—it’s reliable, efficient, and always improving. Highly recommended for anyone looking for seamless digital banking!",5,2025-04-21,Dashen Bank,Google Play,positive,1
A fantastic product!! keep the good work.,5,2025-04-21,Dashen Bank,Google Play,positive,1
"I am very impressed with the Dashen super app. It is user-friendly and operates efficiently. The budget and chatbot features are impressive, and all items can be purchased with just three clicks.",5,2025-04-21,Dashen Bank,Google Play,positive,1
"The Dashen Super App offers a quick and user-friendly experience, bringing together a variety of services, like budgeting, payments, airtime recharges, and more, all in one convenient platform. Its sleek design and intuitive navigation ensure effortless transactions. It's evident that Dashen Bank has carefully crafted the app to make everyday financial activities easier. A great choice for anyone aiming to streamline their digital routines!",5,2025-04-21,Dashen Bank,Google Play,positive,1
Dashen supper App is the most useful app for our customers,5,2025-04-21,Dashen Bank,Google Play,positive,1
it is the most amazing mobile app,5,2025-04-21,Dashen Bank,Google Play,positive,1
A Good and fast supper app thanks for dashen bank,5,2025-04-21,Dashen Bank,Google Play,positive,1
"Dear Users of the Dashen Bank Super App,I have been using the Dashen Bank Super App for a while now, and I must say—it’s truly a game-changer! The app is incredibly fast and reliable; I’ve never encountered any delays with my transactions. One feature I absolutely love is Chat Banking. It makes everyday tasks like checking my balance or transferring money as simple as sending a quick message. Also, the budgeting tool has been a huge help in tracking my spending and giving me a clearer",5,2025-04-21,Dashen Bank,Google Play,positive,1
Too best,1,2025-04-21,Dashen Bank,Google Play,positive,1
"Dashen Bank Super Up,use the app and makes your easy,fast,convinent.",5,2025-04-21,Dashen Bank,Google Play,positive,1
To join digital world use supper app and make your life easy,5,2025-04-21,Dashen Bank,Google Play,positive,1
best mobile banking application,5,2025-04-21,Dashen Bank,Google Play,positive,1
"This banking superapp is incredibly well designed. The design and appearance of the app and the overall experience I have when using the app is fantastic. The app is packed with features from banking to e-commerce all in one place.It even has a budget setting option which is super useful for managing my money. Everything runs smoothly and I love how convenient it has made my daily life. Huge Kudos to Dashen Bank. You are truly living up to the motto ''Always one step ahead."" Keep it up!",5,2025-04-21,Dashen Bank,Google Play,positive,1
I was really amazed by the idea of an e-commerce service on a banking app. This is what it means to be one step ahead. Please include all kinds of products in there as soon as possible.,5,2025-04-21,Dashen Bank,Google Play,positive,1
this is what we expect to get service Dashen Bank always like his slogan,5,2025-04-21,Dashen Bank,Google Play,negative,-1
"Dashen SupApp is the most contemporary application, offering a great experience by enabling users to perform multiple tasks through a single platform—such as chatting with friends, transferring money, paying bills, and more. It is the first app of its kind in the Ethiopian banking industry, making it a remarkable opportunity for entrepreneurs working in app-based sales and software marketing. Good job, Dashen Bank!",5,2025-04-21,Dashen Bank,Google Play,positive,1
Dashen Super App gives me an amazing convenience and makes life easy.,5,2025-04-21,Dashen Bank,Google Play,positive,1
excellent mobile banking app,5,2025-04-21,Dashen Bank,Google Play,positive,1
Wow! like his name Super App...,5,2025-04-21,Dashen Bank,Google Play,positive,1
Dashen supper app is the most special. ይምቾቱ ይለያያል!!!!,5,2025-04-21,Dashen Bank,Google Play,positive,1
convenient and fast,5,2025-04-21,Dashen Bank,Google Play,positive,1
Best- in-class app.,5,2025-04-21,Dashen Bank,Google Play,positive,1
I really like this amazing application and Dashen Supper app that has made my life easier.,5,2025-04-21,Dashen Bank,Google Play,positive,1
Superb,5,2025-04-21,Dashen Bank,Google Play,positive,1
"amazing features, faster and easy to use",5,2025-04-21,Dashen Bank,Google Play,positive,1
"The Dashen Super App offers a modern, user-friendly experience that leverages the latest technological advancements to deliver a seamless e-commerce platform",5,2025-04-21,Dashen Bank,Google Play,positive,1
Best App!,5,2025-04-21,Dashen Bank,Google Play,positive,1
I love it. one of the best mobile banking app in the banking industry,5,2025-04-21,Dashen Bank,Google Play,positive,1
I love this app,5,2025-04-21,Dashen Bank,Google Play,positive,1
no working for me hulum information asgebiche continue or accept yemilew button ayeseram my phone is Samsung A51,1,2025-04-21,Dashen Bank,Google Play,negative,-1
waw no idea the best app.,5,2025-04-19,Dashen Bank,Google Play,negative,-1
fast best app,5,2025-04-19,Dashen Bank,Google Play,positive,1
nice app ever,5,2025-04-17,Dashen Bank,Google Play,positive,1
very disappointing app. Closes frequently and unstable in function,2,2025-04-17,Dashen Bank,Google Play,negative,-1
"Feature-rich? Absolutely. But the speed? Painfully slow. Seriously, is it communicating with a server on Mars or something?",5,2025-04-16,Dashen Bank,Google Play,negative,-1
nic app,5,2025-04-16,Dashen Bank,Google Play,positive,1
"The Dashen Super App delivers a remarkably fast, highly secure, and exceptionally user-friendly experience, establishing it as a leading application in its category.keep it up and stay ahead Dashen Bank.",5,2025-04-14,Dashen Bank,Google Play,positive,1
So far so good! their in person customer service is amazing 👏,5,2025-04-14,Dashen Bank,Google Play,positive,1
The app is very backward and doesn't always work. If it works three hours out of 24 hours it's great!😥,1,2025-04-14,Dashen Bank,Google Play,negative,-1
ምርጫዬ ነው,5,2025-04-13,Dashen Bank,Google Play,negative,-1
It's bad for the connection and too many days are it that not working,1,2025-04-12,Dashen Bank,Google Play,negative,-1
it's samart,5,2025-04-10,Dashen Bank,Google Play,positive,1
"The app is not working properly, I have been using it.",1,2025-04-10,Dashen Bank,Google Play,negative,-1
"I had a disappointing experience with Dashen Bank's Super Up service. The app is very slow and takes forever to load during transactions, which is incredibly frustrating. Additionally, it doesn't generate receipts for any transactions, making it difficult to keep track of my expenses. I also reached out to customer support, but the response time was longer than expected. Overall, I was hoping for a better experience, but I find the service lacking and in need of improvement.",2,2025-04-09,Dashen Bank,Google Play,negative,-1
slow cumbersome,3,2025-04-08,Dashen Bank,Google Play,negative,-1
Is really 💀,2,2025-04-08,Dashen Bank,Google Play,positive,1
It's slow to send OTP. it's not reliable. It crushed many times. It needs improvement in many ways,1,2025-04-07,Dashen Bank,Google Play,negative,-1
"This is the worst mobile banking experience I’ve ever had. It doesn’t work when you need it, and it randomly updates itself without warning. You can’t make transactions whenever you want. It’s a nightmare for anyone who relies on this as their main banking option, especially those with a lot of money in their account. I’m lucky I’m not one of them, but still, it’s infuriating not being able to access your money when you need it.""l",1,2025-04-07,Dashen Bank,Google Play,negative,-1
"I have experienced on using the app of Banks in Ethiopia, this Dashen sup is like old version of the applications for using. I gave 3 star for it's very low speed while login and processing",3,2025-04-07,Dashen Bank,Google Play,negative,-1
proud by dashen bank,5,2025-04-06,Dashen Bank,Google Play,positive,1
This app is not working unless you turn off developer mode on your phone. So it takes your rights to just use it.,2,2025-04-04,Dashen Bank,Google Play,negative,-1
real super up,5,2025-04-04,Dashen Bank,Google Play,positive,1
it's very disappointing fix it as soon as possible not expected from dashin bank fix it,1,2025-04-04,Dashen Bank,Google Play,negative,-1
why dashen bank workers hidden my ATM Card 🏧?it's a big problem to me,5,2025-04-04,Dashen Bank,Google Play,negative,-1
tanku,5,2025-04-04,Dashen Bank,Google Play,negative,-1
goood,5,2025-04-02,Dashen Bank,Google Play,negative,-1
why does it ask me for both pin and opt even the opt is touch let alone both,2,2025-04-02,Dashen Bank,Google Play,negative,-1
it is best app easy to use,5,2025-04-01,Dashen Bank,Google Play,positive,1
It is very easy to use and powerful application.,3,2025-04-01,Dashen Bank,Google Play,positive,1
this apps have a good feature but but some features like developer mode turn off irritate user,3,2025-04-01,Dashen Bank,Google Play,negative,-1
"This is not only a mobile banking app, it is beyond that. We will access our account easily, we are able to get many information easily here. i.e. exchage rate. We are able to chat with others, we are able to budget, we are able to transfer to other bank and within Dashen. we are able to access many accounts in a single app, we are able to pay bills in QR scan, we are able to make payments and order delivery items here in a single app. #Always one step ahead.",5,2025-03-31,Dashen Bank,Google Play,positive,1
wallahi very fantastic Bank,5,2025-03-31,Dashen Bank,Google Play,positive,1
"Waw, It's amazing app. thank you Dashen Bank.",5,2025-03-31,Dashen Bank,Google Play,positive,1
"I’ve been using the Dashen Bank Super App for a while now, and it’s been a game-changer. The app is super fast and reliable—I’ve never had an issue with transactions being delayed. One of my favorite features is the chat banking, which makes it so easy to do things like check my balance or transfer money just by typing a quick message. The budgeting tool is also really useful. It helps me keep track of my spending and gives me a clear picture of where",5,2025-03-28,Dashen Bank,Google Play,positive,1
Very good app that like it too. B/c it is very fast and easy to use.,5,2025-03-26,Dashen Bank,Google Play,positive,1
best experiences,5,2025-03-26,Dashen Bank,Google Play,positive,1
too slow to use.,1,2025-03-26,Dashen Bank,Google Play,negative,-1
the worst app in the market only good ui,1,2025-03-22,Dashen Bank,Google Play,negative,-1
nic,5,2025-03-22,Dashen Bank,Google Play,positive,1
በጣም ቅልል ያለ አፕ በርቱልን ለአጠቃቀም ምቹ,5,2025-03-22,Dashen Bank,Google Play,negative,-1
thanks for all digital transaction,5,2025-03-21,Dashen Bank,Google Play,positive,1
"This app is not supporting smart phones that have old android version and so it is none inclusive. At the same time the amole lite is not working properly and once you reached to maximum otp trail mistakes due to network or other errors like stacks , you will be tied up to make Transactions. Ohh... tired!!!!!",1,2025-03-20,Dashen Bank,Google Play,negative,-1
it's Be Come Busy &not working good,1,2025-03-20,Dashen Bank,Google Play,negative,-1
I wanted to share some concerns about your Supper App. It appears to be experiencing reliability issues and isn’t performing as expected. I hope this can be addressed soon to improve the user experience. One star 🌟 for now.,1,2025-03-19,Dashen Bank,Google Play,negative,-1
"best ever digital banking sector essay for understanding ,smart and convince for using",5,2025-03-19,Dashen Bank,Google Play,positive,1
good and latest,5,2025-03-18,Dashen Bank,Google Play,positive,1
The best App of all,5,2025-03-17,Dashen Bank,Google Play,positive,1
"This app is the most unreliable mobile banking application I have ever used for transaction, it is very late, non-responsive and full of bugs. Its is very disappointing. It is just inconvinient, and not user friendly and compatabke at all !!!!!!",1,2025-03-14,Dashen Bank,Google Play,negative,-1
Naiycapp,5,2025-03-14,Dashen Bank,Google Play,positive,1
The app is good but it has no USSD option,4,2025-03-13,Dashen Bank,Google Play,negative,-1
Hey great,5,2025-03-12,Dashen Bank,Google Play,positive,1
I have used many mobile banking and also tellebir and mpesa nothing come close to this app. Well done Dashen indeed one step a head. A lot of cool features that amole hasn't the receipt and the account statement is superb for me. I hope you add more integrated small apps to.,5,2025-03-12,Dashen Bank,Google Play,positive,1
The app is good but it ask update every week so tiring,2,2025-03-11,Dashen Bank,Google Play,negative,-1
It good and easy to use,5,2025-03-11,Dashen Bank,Google Play,positive,1
በጣም አሪፍ መተግበሪያ ነው ። አመሠግናለሁ ።,5,2025-03-10,Dashen Bank,Google Play,negative,-1
"Greately improved since it was released! I really like the budget and expense tegistration feature. For ATM or POS withdrawals, it is not possible to account these expenses, even if it is visible on the transactions window. If that can be worked on, it will be improve so much!!",5,2025-03-10,Dashen Bank,Google Play,positive,1
Wow Excellent app,5,2025-03-08,Dashen Bank,Google Play,positive,1
Nice app but i experience some issues with others banks transfer it keeps saying account is not exist most of the time.,4,2025-03-08,Dashen Bank,Google Play,negative,-1
Add the option to send money to any telebirr account like amole does.,3,2025-03-08,Dashen Bank,Google Play,negative,-1
It's best,5,2025-03-08,Dashen Bank,Google Play,positive,1
no one dashen yichlal,5,2025-03-07,Dashen Bank,Google Play,negative,-1
In short ! I'm so proud of this app developers for their highest professional of developing. Thanks,5,2025-03-06,Dashen Bank,Google Play,positive,1
The speed is too slow. Need some improvements.,2,2025-03-06,Dashen Bank,Google Play,negative,-1
Fantastic app,5,2025-03-01,Dashen Bank,Google Play,positive,1
I wish dark mode feature is add as an option but it's good app,5,2025-02-27,Dashen Bank,Google Play,positive,1
"Super Up is the ultimate digital banking app, living up to its name with speed, efficiency, and innovation. Designed for a seamless experience, it offers lightning-fast transactions, top-tier security, and effortless financial management. With Super Up, banking has never been this smooth, smart, and super!",5,2025-02-26,Dashen Bank,Google Play,positive,1
"The Dashen Super App is a game-changer in digital banking, offering a seamless and convenient experience. With its user-friendly interface, fast transactions, and a wide range of financial services, it simplifies banking for customers. Features like bill payments, fund transfers, mobile top-ups, and loan applications make it an all-in-one solution. Plus, its security measures ensure safe and reliable Experiance effortless banking",5,2025-02-26,Dashen Bank,Google Play,positive,1
ከጰነጨየጠ,2,2025-02-26,Dashen Bank,Google Play,negative,-1
"It has good feature. But, it is Very Slow! difficult to pay or receive. The Speed should be improved, else I didn't recommend.",2,2025-02-24,Dashen Bank,Google Play,negative,-1
አፕልኬሽኑ አሪፍ ሆኖ ሳለ ቴሌብር ወደራስ ብቻ ለምን ሆነ እንደ ድሮው ለሰውም መላክ ቢቻል,4,2025-02-22,Dashen Bank,Google Play,negative,-1
No good,1,2025-02-22,Dashen Bank,Google Play,negative,-1
best platform... Please avoid otp,5,2025-02-21,Dashen Bank,Google Play,positive,1
Super smart app.,5,2025-02-18,Dashen Bank,Google Play,positive,1
best 👍👍,5,2025-02-16,Dashen Bank,Google Play,positive,1
I don't know what happens but the application is not send verification pass code you should fix that,1,2025-02-16,Dashen Bank,Google Play,negative,-1
This app doesn't work on my phone my phone is Samsung Galaxy s7 android version 9 All other financial apps work like telebirr CBE M_pesa...,1,2025-02-14,Dashen Bank,Google Play,negative,-1
"Dashen Super app is secure, very easy to use and has more services uniquely like budgeting, chat, IPS...",5,2025-02-14,Dashen Bank,Google Play,positive,1
Amazing and user friendly supper app and looking forward the additional features,5,2025-02-14,Dashen Bank,Google Play,positive,1
it's amazing app i have seen ever,5,2025-02-13,Dashen Bank,Google Play,positive,1
One star deducted for not to able to transfer to telebirr.,4,2025-02-13,Dashen Bank,Google Play,negative,-1
ጥሩ ነው ግን በደንብ ሊሸሻል ይገባል,4,2025-02-13,Dashen Bank,Google Play,negative,-1
ፍጥነቱ በጣም አሪፍ ነው! እና ቀለል ያለ ነው ! ነገር ግን ተጨማሪ ወደ ቴሌብር ኤጀንት መላኪያ አፕ ቢካተትበት ጥሩ ነው::,4,2025-02-12,Dashen Bank,Google Play,negative,-1
Keep up the good work and pleas add water and electric utility payment,5,2025-02-12,Dashen Bank,Google Play,positive,1
The app missed some important features 1. It does't show recent transactions 2. Transfer to Telebirr limited to own telebirr 3. The statement does't show running balance,2,2025-02-11,Dashen Bank,Google Play,negative,-1
"Simple, Fast and Easy ⭐⭐⭐🎉",4,2025-02-10,Dashen Bank,Google Play,positive,1
"የሚገርም aplication ነው, ነገር ግን ብር ትራንስፈር ሲደረግ ያለ ፒን መሆኑ risk አለው ሁሉ ጊዜ የ ትራንስፈር መደምደሚያ ፒን መሆን አለበት!!!!!!!!!!!!:: አሱ ቢስተካከል 5 star አስከዛው ግን 4 ሰጥቻለው::",4,2025-02-09,Dashen Bank,Google Play,negative,-1
Baankii daashin baankii hudna galeessa galatoomaa isinii woliin jirra Godina jimmaa magaalaa Aggaaroo irraa Muaz Abamecha Abamilki,5,2025-02-07,Dashen Bank,Google Play,negative,-1
"#Dashen Super App; Super easy to use, secure, and fast transaction. Love it!",5,2025-02-07,Dashen Bank,Google Play,positive,1
"I tried the new Dash Bank Super App today, and it's amazingly easy and fun.I recommend you download and use it. You really like it",5,2025-02-06,Dashen Bank,Google Play,positive,1
Gud app kegza ga mezmn endze new aind ermjh kedme nachu hlam,5,2025-02-06,Dashen Bank,Google Play,negative,-1
"Good app, bad security",3,2025-02-06,Dashen Bank,Google Play,positive,1
On Transaction page only show sent Transaction. Try to include received transaction.,4,2025-02-06,Dashen Bank,Google Play,negative,-1
Wonderful Application 😍,5,2025-02-05,Dashen Bank,Google Play,positive,1
I loved it,5,2025-02-05,Dashen Bank,Google Play,positive,1
አሁን ገና አንድ እርምጃ ቀደማችው,5,2025-02-04,Dashen Bank,Google Play,negative,-1
I am so thankful for having this best app Dashen one step ahead,5,2025-02-04,Dashen Bank,Google Play,positive,1
Not good this app,1,2025-02-04,Dashen Bank,Google Play,negative,-1
Excellent app ever but it needs improvement on speed and transaction lists,1,2025-02-03,Dashen Bank,Google Play,negative,-1
"It does not work functional ,",1,2025-02-02,Dashen Bank,Google Play,negative,-1
all of dashen bank customers use the application it is good to use,5,2025-02-01,Dashen Bank,Google Play,positive,1
Gret experience,5,2025-02-01,Dashen Bank,Google Play,negative,-1
All good we need more,3,2025-01-31,Dashen Bank,Google Play,positive,1
"Dashen super app is easy to use, fast and robust",5,2025-01-31,Dashen Bank,Google Play,positive,1
it was amazing app.....thank you dashen bank....,5,2025-01-30,Dashen Bank,Google Play,positive,1
Dashen bank super app for easy life.,5,2025-01-30,Dashen Bank,Google Play,positive,1
Excellent UI/UX and beyond Banking services👍👍,5,2025-01-30,Dashen Bank,Google Play,positive,1
Send to oher bank የሚለዉ ዉስጥ ገብተን ወደ addisinternational bank ለመላክ አይሰራም ሁለተኛ ደግሞ ወደ cbe birr ለመላክ account number ይጠይቃል ሞባይል ነበር ነዉ መጠየቅ ያለበት ይመስለኛል,2,2025-01-29,Dashen Bank,Google Play,negative,-1
Just Wow,5,2025-01-29,Dashen Bank,Google Play,positive,1
mobile banking to the next level,5,2025-01-28,Dashen Bank,Google Play,positive,1
The first 3 star review is me,3,2025-01-25,Dashen Bank,Google Play,positive,1
Is not working,1,2025-01-25,Dashen Bank,Google Play,negative,-1
"Fast, reliable and user friendly. Amazing chatting features. Keep it up! Always one step ahead!",5,2025-01-24,Dashen Bank,Google Play,positive,1
V good ❗️,5,2025-01-24,Dashen Bank,Google Play,positive,1
"This app is literally the best thing ever The chat banking is so easy just text and it’s done Super smooth, fast, and honestly a life saverIf you haven’t downloaded it yet you’re missing out big time",5,2025-01-23,Dashen Bank,Google Play,positive,1
I only see white page,2,2025-01-23,Dashen Bank,Google Play,negative,-1
Excellent banking app for all your needs! Who needs a physical branch when you can use Dashen Bank Super App Instead! I've never had an issue with anything that Dashen Bank Super App haven't handled swiftly and resolved to my satisfaction and above I don't often write reviews but this is an app/bank that I would highly recommended to everyone 💯 👌👍,5,2025-01-22,Dashen Bank,Google Play,positive,1
Amizing Application 😍,5,2025-01-22,Dashen Bank,Google Play,negative,-1
Fastest and easy to use,5,2025-01-22,Dashen Bank,Google Play,positive,1
ስም ብቻ 😏,2,2025-01-21,Dashen Bank,Google Play,negative,-1
Exellent app with exellent banking system and exellent bank ever,5,2025-01-21,Dashen Bank,Google Play,negative,-1
Amazing app to use as usual! But why option of transferring to Telebirr and M pesa which was available on Amole app is omitted?? Dasheen is my favourite keep it up.,4,2025-01-20,Dashen Bank,Google Play,positive,1
Needs some improvement,5,2025-01-20,Dashen Bank,Google Play,negative,-1
Amazing super app,5,2025-01-19,Dashen Bank,Google Play,positive,1
I hope it will be better than amole,5,2025-01-18,Dashen Bank,Google Play,positive,1
Wly Super App ilove it ❤️ 😍 💖 💕,5,2025-01-18,Dashen Bank,Google Play,negative,-1
Dashen yichalal. Ewnetem one step a head,5,2025-01-17,Dashen Bank,Google Play,negative,-1
It has a Good performance but need more upgrade for more performance like when we login account not be fast balance show other thing looking good. Carry on. Thanks so much for Greatest service,4,2025-01-17,Dashen Bank,Google Play,positive,1
"It is a very wonderful work that has saved its time. That is why it is ""Always one step ahead!""",5,2025-01-17,Dashen Bank,Google Play,positive,1
“Life-changing!” I can’t imagine going back to traditional banking after using this app. It’s so convenient.,5,2025-01-17,Dashen Bank,Google Play,positive,1
Pro max,5,2025-01-17,Dashen Bank,Google Play,positive,1
The most good app and easy,5,2025-01-16,Dashen Bank,Google Play,positive,1
"Excellent and user friendly App. Excellence is what makes you always one step ahead. Dashen Bank, Always One Step Ahead !!",5,2025-01-16,Dashen Bank,Google Play,positive,1
Proud to be dashen family . Shout out to the serial entrepreneur 👏,5,2025-01-16,Dashen Bank,Google Play,positive,1
First ATM in East africa ⭐️⭐️⭐️⭐️⭐️,5,2025-01-16,Dashen Bank,Google Play,positive,1
Best app.,5,2025-01-16,Dashen Bank,Google Play,positive,1
Better Move to catch the competition up👍,5,2025-01-16,Dashen Bank,Google Play,positive,1
"Great job my home, my bank.",5,2025-01-16,Dashen Bank,Google Play,positive,1
Always one step ahead! What a masterpiece.,5,2025-01-16,Dashen Bank,Google Play,positive,1
Great App Well done Dashen Bank,5,2025-01-15,Dashen Bank,Google Play,positive,1
Great!,5,2025-01-15,Dashen Bank,Google Play,positive,1
"I love it but it has bugs during confirmation of password! So, please make it functional",5,2025-01-15,Dashen Bank,Google Play,positive,1
Always one step forward,5,2025-01-15,Dashen Bank,Google Play,positive,1
"It's great! But it will be advanced if you include a caption that allow customers to transfer to Telebirr account. Dashen Bank, ""ኩሉ ግዜ፡ ሓደ ስጕሚ ቀዳሚ።"" (Always one step ahead!)",4,2025-01-15,Dashen Bank,Google Play,positive,1
Small size with vast features and functionalities.,5,2025-01-15,Dashen Bank,Google Play,positive,1
Amazing app 👏 👌 Dashen bank one step a head,5,2025-01-15,Dashen Bank,Google Play,positive,1
"It has a great application features from the beginning. I'm glad to use it even I haven't used it yet because I haven't activated my account yet. But it's simple, comprehensive, full of information, and fast. በርቱ ዳሸኖች: The super app has impressed me more than I expected.",5,2025-01-15,Dashen Bank,Google Play,positive,1
Dashen Bank Always One Step Ahead!,5,2025-01-15,Dashen Bank,Google Play,positive,1
U can't create account,1,2025-01-15,Dashen Bank,Google Play,negative,-1
Really super app... so seamless and with a nice user interface .. we are proud of you dashen bank ...,5,2025-01-15,Dashen Bank,Google Play,positive,1
We will see it,2,2025-01-15,Dashen Bank,Google Play,positive,1
Always one step a head!,5,2025-01-15,Dashen Bank,Google Play,positive,1
"A lightweight,catchy and smooth app",5,2025-01-15,Dashen Bank,Google Play,positive,1
Very impressive interface with best security feature and user friendly app.,5,2025-01-15,Dashen Bank,Google Play,positive,1
It is so far so good it has a unique features than telebirr good job Dashen,5,2025-01-15,Dashen Bank,Google Play,positive,1
"Yea , it's a good idea to make it with the bank name, it will help for the bank easily to find the application, and customers can easily downloed and use the product. I wish all the best for Dashen bank initiative.",5,2025-01-15,Dashen Bank,Google Play,positive,1
This is My Bank!,5,2025-01-15,Dashen Bank,Google Play,positive,1
"Truly, db => AlwaysOneStepAhead !!",5,2025-01-14,Dashen Bank,Google Play,negative,-1
ALWAYS ONE STEP AHEAD,5,2025-01-14,Dashen Bank,Google Play,positive,1
Well developed,5,2025-01-14,Dashen Bank,Google Play,positive,1
oh nice!!! i wish it's very nice app,5,2025-01-14,Dashen Bank,Google Play,positive,1
Really the app looks like amazing. I can't wait to activate in the morning.,5,2025-01-14,Dashen Bank,Google Play,positive,1
Applause 👏 Dashen Bank. One of the best super app inorder to pay easily and securely. One step a head.,5,2025-01-14,Dashen Bank,Google Play,positive,1
Wow Dashen Super App 🚀🚀,5,2025-01-14,Dashen Bank,Google Play,positive,1
All in One,5,2025-01-14,Dashen Bank,Google Play,positive,1
The best Banking app I have ever seen,5,2025-01-14,Dashen Bank,Google Play,positive,1
It looks good and simple to use,5,2025-01-14,Dashen Bank,Google Play,positive,1
App That makes Difference!,5,2025-01-14,Dashen Bank,Google Play,positive,1
Faster and userfriendly,5,2025-01-14,Dashen Bank,Google Play,positive,1
"Waw Great and innovated,user friendly, always one step ahead",5,2025-01-13,Dashen Bank,Google Play,positive,1
It's Best waww 🙏,5,2025-01-13,Dashen Bank,Google Play,positive,1
Always one step ahead,5,2025-01-13,Dashen Bank,Google Play,positive,1
"Like Me, I Hope It Works Better Than Before.",5,2025-01-11,Dashen Bank,Google Play,positive,1
